wl_um,n,k
0.2,1.43524841853,2.84408417676e-08
0.21,1.42881192263,7.53649303119e-09
0.22,1.42345201955,2.14585472143e-09
0.23,1.41893107003,6.54854224431e-10
0.24,1.41507488312,2.13143773738e-10
0.25,1.41175453029,7.37672220892e-11
0.26,1.40887124819,2.70278395266e-11
0.27,1.40634892731,1.04431224747e-11
0.28,1.40412821217,4.24458028588e-12
0.29,1.40216069003,1.80623796962e-12
0.3,1.40040871359,8.03289665505e-13
0.31,1.39884035068,3.71752102556e-13
0.32,1.39743054177,1.78758756922e-13
0.33,1.3961576503,8.900541336e-14
0.34,1.39500414394,4.5804844155e-14
0.35,1.39395510939,2.43153022591e-14
0.36,1.39299771128,1.32791465855e-14
0.37,1.39212137914,7.45211119229e-15
0.38,1.39131688693,4.28910869218e-15
0.39,1.39057629901,2.52762306975e-15
0.4,1.38989274749,1.52309584334e-15
0.41,1.38926036772,9.37254474267e-16
0.42,1.38867386657,5.88142598435e-16
0.43,1.38812874932,3.75996884277e-16
0.44,1.38762104794,2.44632431395e-16
0.45,1.38714728568,1.61838784655e-16
0.46,1.38670428203,1.08746185457e-16
0.47,1.38628925105,7.41499031114e-17
0.48,1.3858997582,5.12685794355e-17
0.49,1.38553365017,3.59243298685e-17
0.5,1.38518892557,2.54912187106e-17
0.51,1.38486379907,1.83019208219e-17
0.52,1.38455673453,1.32919022021e-17
0.53,1.38426623306,9.7557529084e-18
0.54,1.38399107511,7.23434111421e-18
0.55,1.38373003843,5.41740550742e-18
0.56,1.38348210086,4.09492803305e-18
0.57,1.38324626614,3.12263111891e-18
0.58,1.38302162988,2.40085180674e-18
0.59,1.38280747859,1.8614081125e-18
0.6,1.38260298964,1.45403007394e-18
0.61,1.38240749771,1.14411478737e-18
0.62,1.38222044399,9.06674192794e-19
0.63,1.38204121821,7.23387647179e-19
0.64,1.38186932003,5.80907631474e-19
0.65,1.38170426745,4.69373216595e-19
0.66,1.3815455837,3.81454233333e-19
0.67,1.38139291573,3.1181205385e-19
0.68,1.38124582657,2.56240967783e-19
0.69,1.38110403398,2.11714233397e-19
0.7,1.38096715536,1.75787271994e-19
0.71,1.38083489891,1.4665846433e-19
0.72,1.38070701528,1.22931332869e-19
0.73,1.3805832134,1.0350590475e-19
0.74,1.3804632838,8.7530770653e-20
0.75,1.38034696701,7.43279255375e-20
0.76,1.38023406132,6.33674119157e-20
0.77,1.38012436735,5.42278019018e-20
0.78,1.38001771228,4.65845378407e-20
0.79,1.37991391977,4.01600186529e-20
0.8,1.3798128209,3.47422759764e-20
0.81,1.37971425915,3.01537964044e-20
0.82,1.37961811815,2.62592586797e-20
0.83,1.3795242347,2.2937321547e-20
0.84,1.37943249166,2.00954703648e-20
0.85,1.37934278039,1.76574485715e-20
0.86,1.37925498294,1.5559825863e-20
0.87,1.37916899204,1.37486077523e-20
0.88,1.37908470588,1.2180133349e-20
0.89,1.37900203728,1.08181714963e-20
0.9,1.3789209009,9.63297073964e-21
0.91,1.3788412062,8.59816495948e-21
0.92,1.37876287455,7.69221198156e-21
0.93,1.37868582246,6.89687141474e-21
0.94,1.37860999823,6.19791652143e-21
0.95,1.37853531623,5.58143200161e-21
0.96,1.37846171801,5.03647207264e-21
0.97,1.37838915351,4.55416955701e-21
0.98,1.37831754345,4.12577979566e-21
0.99,1.3782468541,3.74492925194e-21
1,1.37817701171,3.40545440067e-21
1.01,1.37810796862,3.1020708954e-21
1.02,1.37803971894,2.83093222366e-21
1.03,1.37797216472,2.58779004045e-21
1.04,1.37790527508,2.36934179418e-21
1.05,1.3778390178,2.1727865988e-21
1.06,1.3777733489,1.99563156029e-21
1.07,1.37770822614,1.83569449761e-21
1.08,1.37764361033,1.6910844179e-21
1.09,1.37757946141,1.56008349583e-21
1.1,1.37751579919,1.44131665436e-21
1.11,1.37745252313,1.3333927575e-21
1.12,1.37738960009,1.235155618e-21
1.13,1.37732705834,1.14568410991e-21
1.14,1.37726480252,1.06398769478e-21
1.15,1.37720281974,9.8930315022e-22
1.16,1.37714109327,9.20951770103e-22
1.17,1.37707965689,8.58536975757e-22
1.18,1.37701837943,8.02235040576e-22
1.19,1.37695729531,7.59167273559e-22
1.2,1.37689631025,7.90445203915e-22
1.21,1.37683551963,1.35567420258e-21
1.22,1.37677477876,5.40000069154e-21
1.23,1.37671414026,3.27225890527e-20
1.24,1.37665356316,1.89790691224e-19
1.25,1.37659296757,1.09915613871e-18
1.26,1.37653243542,5.64886781423e-18
1.27,1.37647180018,2.85997336856e-17
1.28,1.37641116002,1.31265795015e-16
1.29,1.37635046427,5.74200119309e-16
1.3,1.37628962044,2.38146417323e-15
1.31,1.37622868429,9.16308460941e-15
1.32,1.37616756679,3.39450309243e-14
1.33,1.37610630093,1.19528055231e-13
1.34,1.37604480158,3.96404940888e-13
1.35,1.3759830931,1.24559640598e-12
1.36,1.37592103676,3.78879182655e-12
1.37,1.37585874421,1.10089056284e-11
1.38,1.37579611395,3.05007500894e-11
1.39,1.3757330442,8.09387553086e-11
1.4,1.37566962109,2.05892846131e-10
1.41,1.37560571113,5.03825341187e-10
1.42,1.37554124463,1.18830445523e-09
1.43,1.37547627284,2.70207965888e-09
1.44,1.37541062465,5.93905346701e-09
1.45,1.3753443514,1.26164802063e-08
1.46,1.37527724433,2.59660021396e-08
1.47,1.37520927568,5.17919397399e-08
1.48,1.37514033962,1.00210227162e-07
1.49,1.37507029806,1.88273171926e-07
1.5,1.37499908232,3.43557299498e-07
1.51,1.37492641069,6.0996016431e-07
1.52,1.37485222411,1.05343281328e-06
1.53,1.37477618146,1.77279769431e-06
1.54,1.37469813781,2.90740845401e-06
1.55,1.37461777027,4.65932041403e-06
1.56,1.37453483145,7.30913059357e-06
1.57,1.37444898287,1.12022693675e-05
1.58,1.37436002339,1.67819267052e-05
1.59,1.37426780397,2.45869192158e-05
1.6,1.37417192863,3.54142972374e-05
1.61,1.3740725318,4.99519510822e-05
1.62,1.37396969141,6.905453018e-05
1.63,1.37386363952,9.38230339419e-05
1.64,1.37375475107,0.000125266917305
1.65,1.3736439754,0.000164185025772
1.66,1.37353219304,0.000211867322032
1.67,1.37342052457,0.000268982509559
1.68,1.37331064391,0.000336022706954
1.69,1.37320430674,0.000413766161531
1.7,1.37310311549,0.000501782940043
1.71,1.37300944195,0.000600386519617
1.72,1.37292492926,0.000708233274834
1.73,1.37285190774,0.000824623800838
1.74,1.37279167684,0.000947811026002
1.75,1.37274625494,0.00107597214176
1.76,1.37271622851,0.00120686652877
1.77,1.37270304139,0.00133794654049
1.78,1.37270607742,0.00146666642954
1.79,1.372726273,0.00159017563432
1.8,1.37276178142,0.00170612491737
1.81,1.37281220889,0.00181169052849
1.82,1.37287553531,0.00190484261562
1.83,1.3729497628,0.00198395635512
1.84,1.37303289521,0.002046603408
1.85,1.37312215026,0.00209274737647
1.86,1.37321494986,0.00212133151851
1.87,1.37330881629,0.00213188526303
1.88,1.37340114226,0.00212537953979
1.89,1.37348956034,0.00210226919235
1.9,1.37357165618,0.00206309926221
1.91,1.37364577158,0.00200993837684
1.92,1.37371037183,0.0019443046075
1.93,1.37376389329,0.00186752511139
1.94,1.37380543443,0.00178172716381
1.95,1.37383465602,0.00168887793621
1.96,1.3738512424,0.0015908610484
1.97,1.37385501781,0.00148934356495
1.98,1.37384604564,0.00138602405
1.99,1.3738251637,0.00128254129772
2,1.37379299628,0.00118019496308
2.01,1.3737503226,0.00108018634927
2.02,1.37369804333,0.000983546586199
2.03,1.37363683144,0.000891010583467
2.04,1.3735679007,0.000803340644632
2.05,1.37349224694,0.000720850104146
2.06,1.373410855,0.00064387445033
2.07,1.37332465278,0.000572583059742
2.08,1.3732344441,0.000506971225255
2.09,1.37314111468,0.00044704183984
2.1,1.37304529423,0.000392587483333
2.11,1.37294772464,0.00034344934294
2.12,1.37284887918,0.000299311940261
2.13,1.3727493474,0.000259917384037
2.14,1.37264945343,0.000224915331159
2.15,1.37254964278,0.000193992743503
2.16,1.37245010626,0.000166758127354
2.17,1.37235115478,0.000142898089462
2.18,1.37225296455,0.0001220820244
2.19,1.37215556483,0.000103977234477
2.2,1.37205904942,8.82932379896e-05
2.21,1.37196365288,7.47838747246e-05
2.22,1.37186922158,6.31763786248e-05
2.23,1.37177585095,5.32374880849e-05
2.24,1.37168343225,4.47458363535e-05
2.25,1.37159209887,3.75258778732e-05
2.26,1.37150166142,3.13944627944e-05
2.27,1.37141211172,2.62049033135e-05
2.28,1.37132336986,2.18230700578e-05
2.29,1.37123547495,1.81370169049e-05
2.3,1.37114828374,1.50408783347e-05
2.31,1.37106178175,1.24479352379e-05
2.32,1.37097591693,1.02815712835e-05
2.33,1.37089061069,8.47901133253e-06
2.34,1.37080574501,6.98450041024e-06
2.35,1.37072139509,5.74380583994e-06
2.36,1.37063738382,4.71424907386e-06
2.37,1.37055376105,3.86257567424e-06
2.38,1.37047041162,3.15878087245e-06
2.39,1.37038733523,2.57865184399e-06
2.4,1.37030448206,2.10589360933e-06
2.41,1.37022187741,1.71711295171e-06
2.42,1.37013936507,1.39746720177e-06
2.43,1.37005698331,1.13535168259e-06
2.44,1.3699747002,9.20908554626e-07
2.45,1.36989245884,7.4769364429e-07
2.46,1.36981026497,6.06009584397e-07
2.47,1.36972812237,4.90339425023e-07
2.48,1.3696459457,3.95996864237e-07
2.49,1.36956380616,3.20190006268e-07
2.5,1.3694815946,2.58591514603e-07
2.51,1.36939935316,2.0846256944e-07
2.52,1.36931704875,1.67732327814e-07
2.53,1.36923462796,1.352667729e-07
2.54,1.36915207301,1.08854650116e-07
2.55,1.36906952001,8.74469195728e-08
2.56,1.36898674799,7.02689680474e-08
2.57,1.36890391321,5.64838764729e-08
2.58,1.36882090027,4.52982599623e-08
2.59,1.36873781429,3.6316589842e-08
2.6,1.36865447648,2.91506515126e-08
2.61,1.36857102102,2.33454986924e-08
2.62,1.36848738838,1.86837847377e-08
2.63,1.36840362764,1.49815126314e-08
2.64,1.36831963071,1.19796792616e-08
2.65,1.36823545969,9.5818380255e-09
2.66,1.36815110088,7.67150738191e-09
2.67,1.36806656082,6.12488044188e-09
2.68,1.36798176726,4.90007079321e-09
2.69,1.36789674881,3.91612503331e-09
2.7,1.36781151346,3.12241504674e-09
2.71,1.36772612651,2.49931403632e-09
2.72,1.36764045669,1.99352206318e-09
2.73,1.36755457397,1.59241027927e-09
2.74,1.36746847257,1.27176856447e-09
2.75,1.36738215191,1.01354604127e-09
2.76,1.36729552319,8.10384216049e-10
2.77,1.36720866731,6.45483286716e-10
2.78,1.36712153921,5.15902891146e-10
2.79,1.36703425839,4.11404709807e-10
2.8,1.36694664109,3.28359561993e-10
2.81,1.3668587783,2.62057638737e-10
2.82,1.36677065336,2.08925606093e-10
2.83,1.36668223769,1.6688387284e-10
2.84,1.36659357233,1.32934774446e-10
2.85,1.36650463007,1.06277710479e-10
2.86,1.36641542967,8.46177128314e-11
2.87,1.36632594857,6.77003229107e-11
2.88,1.366236204,5.38951997981e-11
2.89,1.36614611533,4.31397586787e-11
2.9,1.36605576424,3.43445203009e-11
2.91,1.36596514495,2.75044491329e-11
2.92,1.36587416114,2.19044564504e-11
2.93,1.36578295185,1.7544941492e-11
2.94,1.36569144935,1.39861654908e-11
2.95,1.36559953635,1.11990308846e-11
2.96,1.36550742366,8.93654332733e-12
2.97,1.36541488015,7.15342759938e-12
2.98,1.36532210625,5.71511534113e-12
2.99,1.3652289638,4.57264306049e-12
3,1.3651355561,3.6588788991e-12
3.01,1.36504177616,2.92519111332e-12
3.02,1.36494757449,2.34390938274e-12
3.03,1.36485312896,1.87199431167e-12
3.04,1.36475833193,1.50309992487e-12
3.05,1.36466309756,1.20162904873e-12
3.06,1.36456756914,9.64349657869e-13
3.07,1.36447161509,7.72767458724e-13
3.08,1.3643753056,6.19033237274e-13
3.09,1.36427857821,4.97255012978e-13
3.1,1.36418146309,3.97899233945e-13
3.11,1.36408391618,3.20113465542e-13
3.12,1.36398592884,2.56877698411e-13
3.13,1.36388754974,2.06143051256e-13
3.14,1.36378862422,1.6588794077e-13
3.15,1.36368930476,1.33064978327e-13
3.16,1.3635893726,1.07140203253e-13
3.17,1.36348896561,8.62151926788e-14
3.18,1.36338797206,6.9194042722e-14
3.19,1.36328632815,5.58536777694e-14
3.2,1.3631840452,4.49581099686e-14
3.21,1.36308104957,3.61774013862e-14
3.22,1.36297726405,2.92274451875e-14
3.23,1.36287263369,2.35528876942e-14
3.24,1.36276698156,1.90651410314e-14
3.25,1.36266011923,1.98795092473e-14
3.26,1.36255207017,1.59276735116e-13
3.27,1.36244237646,8.13865753373e-12
3.28,1.36233059821,2.18474919721e-10
3.29,1.36221647471,3.05958171423e-09
3.3,1.36209869829,4.32142904473e-08
3.31,1.36197535254,4.46304425051e-07
3.32,1.36184365655,2.69974224657e-06
3.33,1.36169932349,1.22826369902e-05
3.34,1.36154112424,4.62567154059e-05
3.35,1.36138820883,0.000117206752664
3.36,1.36127225179,0.000220457916794
3.37,1.36121944659,0.000311468514619
3.38,1.36118556537,0.00034686257857
3.39,1.36111246613,0.000347860760716
3.4,1.36099645505,0.00038475409042
3.41,1.36092289867,0.000490250706845
3.42,1.36094811661,0.000581572108915
3.43,1.36102890284,0.000567486449198
3.44,1.36104702353,0.000427555627121
3.45,1.36093366806,0.000259974528406
3.46,1.36072119778,0.000156766444031
3.47,1.36047224245,0.000159106501111
3.48,1.36026753729,0.000279204201626
3.49,1.36017691803,0.000459183784132
3.5,1.36021795187,0.00060484497584
3.51,1.36033668024,0.000629163002343
3.52,1.36041654065,0.000504206107403
3.53,1.36037828467,0.000316911883391
3.54,1.36024119119,0.00015742087319
3.55,1.36005888999,6.02325545047e-05
3.56,1.35987665088,1.74135770785e-05
3.57,1.35971364213,4.51844850747e-06
3.58,1.35956629241,9.3693286378e-07
3.59,1.35942918325,1.4913901913e-07
3.6,1.35929828119,1.61739773681e-08
3.61,1.35917146081,1.38557320509e-09
3.62,1.35904726575,1.33987377635e-10
3.63,1.35892477886,1.04150054262e-11
3.64,1.3588034431,6.84246811201e-13
3.65,1.35868306903,1.18090069946e-13
3.66,1.35856343936,1.1305644078e-13
3.67,1.35844423058,1.31501543832e-13
3.68,1.35832542935,1.53223567046e-13
3.69,1.35820677508,1.78254667618e-13
3.7,1.3580883823,2.06993841148e-13
3.71,1.3579700202,2.39990901721e-13
3.72,1.35785169332,2.78396948238e-13
3.73,1.35773342991,3.22485985654e-13
3.74,1.35761501999,3.72990852839e-13
3.75,1.35749653017,4.30723295643e-13
3.76,1.35737803144,4.96581819297e-13
3.77,1.35725931785,5.71719075449e-13
3.78,1.35714042702,6.58151632332e-13
3.79,1.3570213511,7.57132694502e-13
3.8,1.35690212937,8.69678600984e-13
3.81,1.35678273172,9.9751518579e-13
3.82,1.35666304016,1.14268084347e-12
3.83,1.35654312354,1.30724509773e-12
3.84,1.35642309757,1.49342071958e-12
3.85,1.35630268763,1.70552117232e-12
3.86,1.35618203852,1.94690555931e-12
3.87,1.3560611829,2.21942617351e-12
3.88,1.35594001752,2.52708869605e-12
3.89,1.35581866709,2.87368739353e-12
3.9,1.35569694993,3.26428417706e-12
3.91,1.35557498326,3.70360322578e-12
3.92,1.35545276383,4.19722603011e-12
3.93,1.35533025763,4.75151030341e-12
3.94,1.35520740261,5.37930814463e-12
3.95,1.35508424356,6.08385953766e-12
3.96,1.35496077631,6.87325291274e-12
3.97,1.3548369958,7.75688361448e-12
3.98,1.35471295435,8.74459474183e-12
3.99,1.35458859351,9.84813151036e-12
4,1.35446393118,1.10798475695e-11
4.01,1.35433898679,1.2453027041e-11
4.02,1.35421371479,1.39832278587e-11
4.03,1.35408811077,1.56869766173e-11
4.04,1.35396215502,1.75823906864e-11
4.05,1.3538359786,1.96983486305e-11
4.06,1.35370935102,2.20551224292e-11
4.07,1.35358248755,2.46688317643e-11
4.08,1.3534552854,2.75678503742e-11
4.09,1.35332772421,3.07807611521e-11
4.1,1.35319981746,3.43387528608e-11
4.11,1.35307156207,3.82758344686e-11
4.12,1.35294300914,4.26267896368e-11
4.13,1.35281417307,4.74310014959e-11
4.14,1.3526849711,5.27345657271e-11
4.15,1.35255541031,5.85850798445e-11
4.16,1.35242557263,6.50296527134e-11
4.17,1.35229532178,7.21309664705e-11
4.18,1.35216477068,7.99437981991e-11
4.19,1.3520338812,8.85348954798e-11
4.2,1.35190272635,9.7969409773e-11
4.21,1.35177111455,1.08338551124e-10
4.22,1.35163922373,1.19711038724e-10
4.23,1.35150697573,1.32182912694e-10
4.24,1.35137434413,1.45852841055e-10
4.25,1.35124146854,1.60811190992e-10
4.26,1.35110808755,1.772145495e-10
4.27,1.35097444775,1.95154281335e-10
4.28,1.35084055992,2.14743245079e-10
4.29,1.35070616112,2.36160569367e-10
4.3,1.35057149273,2.59516402407e-10
4.31,1.35043646747,2.84992076321e-10
4.32,1.3503011573,3.12739245145e-10
4.33,1.35016535023,3.42994206973e-10
4.34,1.35002926893,3.75903366301e-10
4.35,1.34989281344,4.11706652697e-10
4.36,1.34975608115,4.50600221609e-10
4.37,1.34961893917,4.92863426903e-10
4.38,1.34948144306,5.38756997e-10
4.39,1.3493436538,5.8852104297e-10
4.4,1.3492053419,6.4254365262e-10
4.41,1.34906688884,7.00991525975e-10
4.42,1.34892790044,7.64369026277e-10
4.43,1.34878865068,8.3291769803e-10
4.44,1.34864898974,9.07193514048e-10
4.45,1.34850904702,9.8748566694e-10
4.46,1.34836869824,1.07428190391e-09
4.47,1.34822794078,1.16805867696e-09
4.48,1.3480869143,1.26923218399e-09
4.49,1.34794547048,1.37840530656e-09
4.5,1.34780361472,1.49615675715e-09
4.51,1.34766146658,1.62299204584e-09
4.52,1.34751892088,1.75961221441e-09
4.53,1.347376071,1.90661474099e-09
4.54,1.34723283079,2.06476674684e-09
4.55,1.34708917325,2.23486618322e-09
4.56,1.34694517617,2.4176132384e-09
4.57,1.34680081616,2.61387286274e-09
4.58,1.3466561139,2.82451121103e-09
4.59,1.34651105671,3.05045239504e-09
4.6,1.34636561708,3.29270587134e-09
4.61,1.34621984196,3.5522465091e-09
4.62,1.34607364881,3.83032503124e-09
4.63,1.3459270653,4.12805743776e-09
4.64,1.34578013938,4.44647195026e-09
4.65,1.34563281235,4.78706911201e-09
4.66,1.34548517887,5.1512935847e-09
4.67,1.3453370969,5.54223510632e-09
4.68,1.34518868687,5.95963364581e-09
4.69,1.34503985958,6.40537666846e-09
4.7,1.34489071751,6.88085675169e-09
4.71,1.34474116396,7.3880286939e-09
4.72,1.34459126668,7.92855852698e-09
4.73,1.34444098074,8.50443589519e-09
4.74,1.34429031756,9.11765964163e-09
4.75,1.3441393132,9.7702106423e-09
4.76,1.34398786518,1.04644926009e-08
4.77,1.34383610404,1.12024205516e-08
4.78,1.3436839272,1.19868885224e-08
4.79,1.3435314078,1.28238182663e-08
4.8,1.34337838119,1.37149818558e-08
4.81,1.34322506355,1.46608163338e-08
4.82,1.34307141892,1.5664092723e-08
4.83,1.34291737601,1.67283427241e-08
4.84,1.34276287844,1.78570267489e-08
4.85,1.34260803488,1.90526455434e-08
4.86,1.34245289442,2.03182700302e-08
4.87,1.34229722776,2.16590923616e-08
4.88,1.34214134295,2.30761016053e-08
4.89,1.34198482529,2.4586812975e-08
4.9,1.34182809405,2.61850364372e-08
4.91,1.34167097116,2.78749727205e-08
4.92,1.34151347013,2.96603615114e-08
4.93,1.34135554736,3.15461501368e-08
4.94,1.34119722226,3.35370289576e-08
4.95,1.34103857019,3.563691707e-08
4.96,1.34087956561,3.78508658734e-08
4.97,1.34072006705,4.01930650458e-08
4.98,1.34056020445,4.26753732834e-08
4.99,1.34039989919,4.52922568929e-08
5,1.34023922096,4.80483197712e-08
5.01,1.34007819172,5.09490747314e-08
5.02,1.33991676863,5.40015898957e-08
5.03,1.33975492489,5.72131790718e-08
5.04,1.33959276675,6.05886230426e-08
5.05,1.33943017147,6.41618227728e-08
5.06,1.33926720966,6.79241830978e-08
5.07,1.33910382121,7.18780974951e-08
5.08,1.33894004136,7.6029996764e-08
5.09,1.33877585769,8.0388100416e-08
5.1,1.33861124369,8.49616180306e-08
5.11,1.3384462668,8.97563840042e-08
5.12,1.33828087999,9.48261334007e-08
5.13,1.3381151182,1.00147436848e-07
5.14,1.33794891788,1.05725600308e-07
5.15,1.33778232034,1.11568838607e-07
5.16,1.33761536534,1.17685210793e-07
5.17,1.33744805197,1.24084475598e-07
5.18,1.33728034643,1.30808744855e-07
5.19,1.33711208209,1.3788937711e-07
5.2,1.33694347146,1.45293639059e-07
5.21,1.33677449606,1.53032237811e-07
5.22,1.33660511535,1.61118800879e-07
5.23,1.33643532156,1.69566910902e-07
5.24,1.3362652194,1.78418563333e-07
5.25,1.33609456396,1.87726991393e-07
5.26,1.33592353801,1.97441949167e-07
5.27,1.33575214303,2.07575920924e-07
5.28,1.33558034098,2.18144726477e-07
5.29,1.33540808367,2.29166296725e-07
5.3,1.33523537898,2.40742264051e-07
5.31,1.33506228124,2.52847634893e-07
5.32,1.33488882533,2.65456891988e-07
5.33,1.33471497873,2.78585121872e-07
5.34,1.3345407349,2.9224753458e-07
5.35,1.33436615329,3.06502226457e-07
5.36,1.33419092906,3.21476422603e-07
5.37,1.33401536638,3.37052537941e-07
5.38,1.33383948138,3.53240540162e-07
5.39,1.33366323001,3.70059075887e-07
5.4,1.3334865056,3.87547478224e-07
5.41,1.33330918422,4.05943932527e-07
5.42,1.33313155675,4.25041026587e-07
5.43,1.33295359037,4.44863852626e-07
5.44,1.33277522033,4.65439203165e-07
5.45,1.3325963488,4.8679984582e-07
5.46,1.33241715013,5.09213831544e-07
5.47,1.3322374369,5.32475308251e-07
5.48,1.33205728848,5.56597557227e-07
5.49,1.33187675949,5.815965506e-07
5.5,1.33169585209,6.07552892981e-07
5.51,1.33151441943,6.34726798574e-07
5.52,1.33133259142,6.62873803548e-07
5.53,1.33115039479,6.92016233395e-07
5.54,1.33096784216,7.22176290628e-07
5.55,1.33078483062,7.53583063878e-07
5.56,1.33060121588,7.86316244887e-07
5.57,1.33041725256,8.20164760794e-07
5.58,1.33023296172,8.55151696702e-07
5.59,1.33004831793,8.91311738694e-07
5.6,1.32986297953,9.29184402483e-07
5.61,1.32967733491,9.68329786971e-07
5.62,1.3294912736,1.00877316808e-06
5.63,1.32930476784,1.05054913744e-06
5.64,1.32911794178,1.09395440467e-06
5.65,1.32893049211,1.13908108768e-06
5.66,1.32874268346,1.18564315049e-06
5.67,1.3285545168,1.23367149818e-06
5.68,1.32836586101,1.28338124094e-06
5.69,1.32817677476,1.33516207889e-06
5.7,1.32798720053,1.38857961156e-06
5.71,1.32779721808,1.44364325573e-06
5.72,1.327606944,1.50035892413e-06
5.73,1.32741610105,1.55959606875e-06
5.74,1.32722475177,1.62065697966e-06
5.75,1.32703300598,1.68353969297e-06
5.76,1.32684096224,1.74824043429e-06
5.77,1.32664840244,1.81569389098e-06
5.78,1.32645537298,1.88521524546e-06
5.79,1.32626187571,1.95676887712e-06
5.8,1.32606790458,2.03039819628e-06
5.81,1.32587345943,2.10702515071e-06
5.82,1.32567861563,2.18595766845e-06
5.83,1.32548343414,2.26708239874e-06
5.84,1.32528794299,2.35040798746e-06
5.85,1.32509170551,2.43727005189e-06
5.86,1.32489505371,2.52659098044e-06
5.87,1.32469804572,2.61831774262e-06
5.88,1.32450071546,2.71257167754e-06
5.89,1.32430263805,2.81070483013e-06
5.9,1.32410424037,2.91141731854e-06
5.91,1.32390549504,3.01474829876e-06
5.92,1.32370627838,3.12121988952e-06
5.93,1.32350636244,3.2316611459e-06
5.94,1.32330617888,3.34487982915e-06
5.95,1.32310570513,3.46090918122e-06
5.96,1.32290456706,3.58093514537e-06
5.97,1.32270291744,3.70477580778e-06
5.98,1.32250092126,3.83167272529e-06
5.99,1.32229860512,3.96163099303e-06
6,1.32209565706,4.09656519421e-06
6.01,1.32189227589,4.23500356889e-06
6.02,1.32168848692,4.37678120697e-06
6.03,1.32148421435,4.52257812503e-06
6.04,1.32127935026,4.67342394984e-06
6.05,1.32107407644,4.82784326758e-06
6.06,1.32086840907,4.9858479284e-06
6.07,1.32066226671,5.14921404513e-06
6.08,1.32045564452,5.31700888718e-06
6.09,1.3202486127,5.48863494686e-06
6.1,1.32004110496,5.6647683961e-06
6.11,1.31983310922,5.84682275875e-06
6.12,1.31962464406,6.03300421501e-06
6.13,1.31941570689,6.22334081121e-06
6.14,1.31920626778,6.42006433982e-06
6.15,1.3189964563,6.6216353723e-06
6.16,1.31878624522,6.82753822381e-06
6.17,1.31857539862,7.0391852609e-06
6.18,1.31836408198,7.25724184832e-06
6.19,1.31815237804,7.47987834714e-06
6.2,1.31794025544,7.70723072416e-06
6.21,1.31772742266,7.94277756182e-06
6.22,1.31751426027,8.1831059582e-06
6.23,1.3173007342,8.428258835e-06
6.24,1.31708644188,8.6812554127e-06
6.25,1.31687185002,8.94026640235e-06
6.26,1.31665690189,9.20435477849e-06
6.27,1.3164412904,9.47556872216e-06
6.28,1.31622520048,9.75439778248e-06
6.29,1.31600872706,1.00386120719e-05
6.3,1.31579177887,1.03291215114e-05
6.31,1.31557428218,1.06287373688e-05
6.32,1.31535631697,1.09341294217e-05
6.33,1.31513786156,1.12453351122e-05
6.34,1.31491895002,1.15668022181e-05
6.35,1.31469953961,1.18944304448e-05
6.36,1.31447966248,1.22281175687e-05
6.37,1.31425921939,1.25720106099e-05
6.38,1.31403829869,1.29231270624e-05
6.39,1.31381698935,1.32804613736e-05
6.4,1.31359514652,1.36478072263e-05
6.41,1.31337277494,1.40234938185e-05
6.42,1.31315002275,1.44056604344e-05
6.43,1.31292676173,1.47977566143e-05
6.44,1.31270293075,1.51992230356e-05
6.45,1.31247868936,1.56075012275e-05
6.46,1.31225384027,1.60259778253e-05
6.47,1.31202850307,1.64545440449e-05
6.48,1.31180279365,1.68901309062e-05
6.49,1.31157648854,1.73361242114e-05
6.5,1.31134967705,1.77929820932e-05
6.51,1.31112249152,1.82571393495e-05
6.52,1.31089471127,1.87321034713e-05
6.53,1.31066629815,1.92187947892e-05
6.54,1.31043751653,1.97130610925e-05
6.55,1.3102082418,2.02185035345e-05
6.56,1.30997845077,2.07358547452e-05
6.57,1.30974828868,2.12610437789e-05
6.58,1.30951749988,2.17985260618e-05
6.59,1.30928609229,2.23483769406e-05
6.6,1.30905431094,2.29063547018e-05
6.61,1.30882198828,2.34774929222e-05
6.62,1.30858917841,2.40606773777e-05
6.63,1.30835598317,2.46522684406e-05
6.64,1.30812195343,2.52591309246e-05
6.65,1.3078875653,2.58774318043e-05
6.66,1.30765288202,2.65041610947e-05
6.67,1.30741743125,2.71476801741e-05
6.68,1.30718156475,2.78021866506e-05
6.69,1.30694536088,2.8465476626e-05
6.7,1.30670831539,2.91478319559e-05
6.71,1.30647083061,2.9840312333e-05
6.72,1.30623290301,3.0542999083e-05
6.73,1.30599442322,3.12646285815e-05
6.74,1.30575549436,3.19959578224e-05
6.75,1.3055159406,3.2740272221e-05
6.76,1.30527588524,3.35022821821e-05
6.77,1.30503547649,3.42739326272e-05
6.78,1.30479443002,3.50612932552e-05
6.79,1.30455271644,3.58653600473e-05
6.8,1.30431063123,3.66793703603e-05
6.81,1.3040679164,3.7512235544e-05
6.82,1.30382473963,3.83591373862e-05
6.83,1.30358123461,3.92160255417e-05
6.84,1.30333698492,4.00958717736e-05
6.85,1.30309230897,4.09870870215e-05
6.86,1.30284712858,4.18917564325e-05
6.87,1.30260112411,4.2818749382e-05
6.88,1.30235481868,4.37561759592e-05
6.89,1.30210807112,4.47109271036e-05
6.9,1.30186064799,4.56845355673e-05
6.91,1.30161283472,4.66690843011e-05
6.92,1.30136418629,4.76772973006e-05
6.93,1.30111519383,4.86994967678e-05
6.94,1.30086589872,4.97340001201e-05
6.95,1.30061570169,5.07948103114e-05
6.96,1.30036511681,5.18670716213e-05
6.97,1.30011388649,5.29584339169e-05
6.98,1.29986217089,5.40702368336e-05
6.99,1.29961015586,5.51932293265e-05
7,1.29935728054,5.63424018673e-05
7.01,1.2991038983,5.75072182118e-05
7.02,1.29885003482,5.86868854965e-05
7.03,1.29859556051,5.98931767439e-05
7.04,1.29834073761,6.11113344594e-05
7.05,1.29808519484,6.23523144891e-05
7.06,1.2978290939,6.36140506548e-05
7.07,1.29757267553,6.48876035871e-05
7.08,1.29731543041,6.6192272366e-05
7.09,1.29705777608,6.75104361944e-05
7.1,1.29679951302,6.88486747484e-05
7.11,1.29654070573,7.0211939759e-05
7.12,1.29628160003,7.1587286191e-05
7.13,1.29602159926,7.29929064688e-05
7.14,1.29576109064,7.44159221646e-05
7.15,1.29550005345,7.58570432955e-05
7.16,1.29523840289,7.73272492304e-05
7.17,1.29497643408,7.88100004275e-05
7.18,1.29471362315,8.03223071816e-05
7.19,1.29445041069,8.1854026102e-05
7.2,1.29418686299,8.34019515099e-05
7.21,1.293922373,8.49837417588e-05
7.22,1.2936575571,8.65784341607e-05
7.23,1.29339204014,8.82023505273e-05
7.24,1.29312591737,8.98485511912e-05
7.25,1.29285932629,9.1511978723e-05
7.26,1.2925920529,9.3209654695e-05
7.27,1.29232445662,9.49204630748e-05
7.28,1.29205601801,9.66629595003e-05
7.29,1.29178706615,9.84277555646e-05
7.3,1.29151769437,0.000100210796788
7.31,1.29124764411,0.000102028801666
7.32,1.29097728647,0.00010386002475
7.33,1.29070602936,0.000105726202019
7.34,1.2904342156,0.000107614244648
7.35,1.29016184519,0.000109524152635
7.36,1.28988882872,0.000111468216016
7.37,1.2896155497,0.000113425350776
7.38,1.28934141653,0.000115421422623
7.39,1.28906687913,0.000117436090278
7.4,1.28879177427,0.000119476863589
7.41,1.28851585653,0.000121550886672
7.42,1.28823960583,0.000123638607916
7.43,1.28796253788,0.000125770916515
7.44,1.28768512842,0.000127917466852
7.45,1.28740690673,0.000130097889428
7.46,1.28712810397,0.000132306009159
7.47,1.28684888388,0.000134534021347
7.48,1.28656893586,0.000136802637363
7.49,1.28628870765,0.00013908474663
7.5,1.28600747048,0.000141410122128
7.51,1.28572581053,0.000143756156965
7.52,1.28544355459,0.000146131314004
7.53,1.28516070793,0.000148540119436
7.54,1.28487758962,0.000150964398218
7.55,1.28459333525,0.000153438703823
7.56,1.28430880071,0.000155926667929
7.57,1.28402344701,0.000158455613648
7.58,1.28373760141,0.000161009354629
7.59,1.28345120113,0.000163591056225
7.6,1.28316415687,0.000166210407911
7.61,1.28287686711,0.000168844112395
7.62,1.2825883855,0.000171532079067
7.63,1.28229963694,0.000174233601071
7.64,1.28201005431,0.000176978094475
7.65,1.28172005205,0.000179747571093
7.66,1.28142955913,0.000182546258018
7.67,1.2811381956,0.000185385522345
7.68,1.28084645538,0.000188242343083
7.69,1.28055385362,0.000191151044634
7.7,1.2802610124,0.000194072877709
7.71,1.27996725088,0.000197043415667
7.72,1.27967299909,0.000200037316438
7.73,1.27937796741,0.00020306837982
7.74,1.2790823606,0.0002061346406
7.75,1.27878638296,0.000209223594442
7.76,1.27848948186,0.000212362352616
7.77,1.27819234205,0.000215513998869
7.78,1.27789411813,0.000218724466951
7.79,1.27759561397,0.000221950230139
7.8,1.27729625546,0.000225222621729
7.81,1.27699645609,0.000228522517691
7.82,1.27669612223,0.000231855759661
7.83,1.27639492968,0.000235231601442
7.84,1.27609327881,0.000238630180547
7.85,1.27579078709,0.000242081695952
7.86,1.27548809802,0.000245545292165
7.87,1.27518429124,0.00024907124103
7.88,1.27488021574,0.000252612258664
7.89,1.27457523551,0.000256204010017
7.9,1.27426976733,0.00025982326195
7.91,1.27396360565,0.000263481600663
7.92,1.27365673857,0.000267179891487
7.93,1.27334938737,0.00027090560307
7.94,1.27304124489,0.000274682133689
7.95,1.27273286473,0.000278473929846
7.96,1.27242335134,0.00028233050337
7.97,1.27211363574,0.000286198669338
7.98,1.27180283619,0.000290129075891
7.99,1.27149170666,0.000294078513268
8,1.27117968497,0.000298079404353
8.01,1.27086720818,0.000302109924188
8.02,1.27055412565,0.000306179879959
8.03,1.27024022185,0.000310293130688
8.04,1.26992573063,0.000314437348822
8.05,1.26961044872,0.000318633363285
8.06,1.26929488027,0.000322848148625
8.07,1.26897835668,0.000327125664747
8.08,1.2686616727,0.000331413345396
8.09,1.26834358394,0.000335776098053
8.1,1.26802531993,0.000340150422935
8.11,1.267706129,0.000344585956887
8.12,1.26738656381,0.000349043654967
8.13,1.26706609115,0.000353555093472
8.14,1.26674514736,0.00035809778664
8.15,1.26642355561,0.000362683464251
8.16,1.26610125576,0.000367311339942
8.17,1.26577836477,0.000371974445223
8.18,1.26545460376,0.000376689556664
8.19,1.26513040447,0.000381430866696
8.2,1.2648051763,0.000386233860224
8.21,1.26447965962,0.000391054150404
8.22,1.26415311248,0.00039594334911
8.23,1.26382644187,0.000400840804492
8.24,1.26349843573,0.000405818748166
8.25,1.26317030891,0.000410804787387
8.26,1.26284113105,0.000415861328599
8.27,1.26251168104,0.000420934349181
8.28,1.26218114922,0.000426072877312
8.29,1.26185021517,0.000431235817026
8.3,1.26151831986,0.000436457096289
8.31,1.26118596292,0.000441709461465
8.32,1.26085286855,0.000447011483363
8.33,1.26051912445,0.000452353095013
8.34,1.26018464767,0.000457739350429
8.35,1.25984949997,0.000463170868082
8.36,1.25951380556,0.000468639269118
8.37,1.25917723228,0.000474161406244
8.38,1.25884013618,0.000479715510774
8.39,1.25850205333,0.000485330045855
8.4,1.25816354558,0.000490970603248
8.41,1.25782408199,0.000496675774184
8.42,1.25748432804,0.000502400573484
8.43,1.2571435318,0.000508195847409
8.44,1.25680252208,0.000514005555895
8.45,1.25646007613,0.000519896635651
8.46,1.25611744903,0.000525797978449
8.47,1.25577378531,0.000531777811928
8.48,1.25543005892,0.000537762389808
8.49,1.25508488256,0.000543836275356
8.5,1.25473964003,0.000549914239052
8.51,1.25439297979,0.000556079599556
8.52,1.25404621771,0.000562251846813
8.53,1.25369825192,0.000568505499019
8.54,1.25335011591,0.00057476965696
8.55,1.25300065698,0.000581115464746
8.56,1.25265100445,0.000587474355022
8.57,1.25230021944,0.000593909768911
8.58,1.25194920323,0.000600360793873
8.59,1.25159708184,0.000606886445173
8.6,1.25124466305,0.00061343046585
8.61,1.25089101654,0.00062005031908
8.62,1.2505370428,0.000626690386357
8.63,1.25018186002,0.000633405141218
8.64,1.24982640727,0.000640140044322
8.65,1.24947003514,0.000646943557966
8.66,1.24911325471,0.000653770492205
8.67,1.24875514511,0.000660673667954
8.68,1.24839674501,0.000667598427625
8.69,1.24803742496,0.000674591536378
8.7,1.24767772713,0.000681607953765
8.71,1.2473168264,0.000688698588179
8.72,1.24695559524,0.000695811364364
8.73,1.24659328245,0.00070299662173
8.74,1.2462306104,0.000710204016108
8.75,1.24586669381,0.000717488099414
8.76,1.24550247593,0.000724792307374
8.77,1.24513712464,0.000732172222362
8.78,1.24477146251,0.000739571257149
8.79,1.24440448384,0.000747051275793
8.8,1.24403726026,0.000754547593288
8.81,1.24366882377,0.0007621246289
8.82,1.24330018156,0.00076971532588
8.83,1.24293027566,0.000777389942689
8.84,1.24256021128,0.000785075060395
8.85,1.24218882424,0.000792847816426
8.86,1.24181732159,0.000800627648114
8.87,1.24144425898,0.000808502949892
8.88,1.24107115573,0.000816380932108
8.89,1.2406965879,0.000824355509335
8.9,1.24032202007,0.000832330086561
8.91,1.23994596527,0.000840402482022
8.92,1.23956988012,0.000848476873774
8.93,1.23919220513,0.000856648077428
8.94,1.23881440679,0.00086482679235
8.95,1.23843542409,0.000873090001602
8.96,1.23805626753,0.000881365613692
8.97,1.23767555328,0.000889729925662
8.98,1.23729447365,0.000898115043777
8.99,1.2369123638,0.000906573087229
9,1.23652990133,0.000915056091703
9.01,1.23614637393,0.000923608148301
9.02,1.23576233143,0.000932193603998
9.03,1.23537722548,0.000940843122153
9.04,1.23499140465,0.000949535705706
9.05,1.23460475176,0.000958281893497
9.06,1.23421732465,0.000967077960136
9.07,1.2338291963,0.000975919045388
9.08,1.23344014972,0.00098481908111
9.09,1.23305047909,0.000993756417529
9.1,1.23265961314,0.00100276520164
9.11,1.23226838372,0.00101179904023
9.12,1.23187605808,0.00102090844476
9.13,1.2314834572,0.00103003420437
9.14,1.2310892844,0.00103925337454
9.15,1.23069503627,0.0010484773095
9.16,1.23029918944,0.00105780236399
9.17,1.22990334262,0.00106712741848
9.18,1.22950609178,0.00107654782954
9.19,1.22910874493,0.0010859747607
9.2,1.22870969163,0.00109549671716
9.21,1.22831026626,0.00110503939169
9.22,1.22790976683,0.00111465427491
9.23,1.22750881363,0.00112429966452
9.24,1.22710685832,0.00113400738308
9.25,1.22670417436,0.00114376042202
9.26,1.22630070499,0.00115356209392
9.27,1.22589627567,0.00116342320612
9.28,1.22549123011,0.00117332007478
9.29,1.22508485069,0.00118329434032
9.3,1.22467818912,0.0011932871601
9.31,1.22427022462,0.00120336566299
9.32,1.22386219277,0.00121344804345
9.33,1.22345224733,0.00122364059289
9.34,1.22304230189,0.00123383314233
9.35,1.22263075645,0.00124412292136
9.36,1.22221900514,0.00125442521074
9.37,1.22180605919,0.00126480468992
9.38,1.22139267809,0.00127521228599
9.39,1.22097813258,0.00128568608435
9.4,1.22056272289,0.00129620901542
9.41,1.22014655167,0.00130677752153
9.42,1.2197292891,0.00131741134079
9.43,1.21931157238,0.0013280721956
9.44,1.21889244087,0.0013388172723
9.45,1.21847319093,0.00134956981363
9.46,1.21805236745,0.00136042152794
9.47,1.21763154398,0.00137127324225
9.48,1.21720885399,0.00138222916652
9.49,1.21678593566,0.00139319783927
9.5,1.21636165919,0.00140424603842
9.51,1.21593682257,0.0014153270366
9.52,1.21551108083,0.00142646396933
9.53,1.21508450359,0.00143765253395
9.54,1.21465722651,0.00144887960142
9.55,1.21422850254,0.00146018627291
9.56,1.21379955148,0.00147150678807
9.57,1.21336905341,0.0014829216132
9.58,1.21293855534,0.00149433643834
9.59,1.21250604072,0.00150586107218
9.6,1.21207336024,0.0015173947379
9.61,1.21163938494,0.00152900624428
9.62,1.21120489605,0.00154064862602
9.63,1.21076939202,0.00155234836076
9.64,1.21033288092,0.00156410499152
9.65,1.20989579239,0.00157589404131
9.66,1.2094572409,0.00158776522695
9.67,1.20901856794,0.00159964318903
9.68,1.20857795765,0.00161162922959
9.69,1.20813734736,0.00162361527015
9.7,1.20769501278,0.00163569688458
9.71,1.20725232504,0.00164779807438
9.72,1.20680838787,0.00165996806522
9.73,1.20636360377,0.001672184693
9.74,1.20591813552,0.0016844406722
9.75,1.205471435,0.00169676752803
9.76,1.20502447308,0.00170910799102
9.77,1.20457543862,0.0017215563394
9.78,1.20412640415,0.00173400468778
9.79,1.20367568299,0.0017465485705
9.8,1.20322469408,0.00175910761916
9.81,1.20277238341,0.00177173750031
9.82,1.20231922057,0.00178441304979
9.83,1.2018653641,0.00179712726856
9.84,1.20141020811,0.00180991393668
9.85,1.20095485404,0.00182271066356
9.86,1.20049728254,0.0018356199995
9.87,1.20003971104,0.00184852933544
9.88,1.19958048855,0.00186152925252
9.89,1.19912088381,0.00187455014159
9.9,1.19866007,0.00188763400396
9.91,1.19819820954,0.00190077238053
9.92,1.19773576843,0.00191394077912
9.93,1.19727163095,0.00192719688913
9.94,1.19680749347,0.00194045299913
9.95,1.19634112866,0.00195382342749
9.96,1.19587469259,0.0019671975131
9.97,1.19540682161,0.00198064776547
9.98,1.19493826915,0.00199413419144
9.99,1.19446874638,0.00200766798466
10,1.19399764721,0.0020212787341
10.01,1.19352642441,0.00203489707619
10.02,1.19305377995,0.00204860273368
10.03,1.1925811355,0.00206230839117
10.04,1.19210586242,0.0020761285326
10.05,1.19162980417,0.00208998287053
10.06,1.1911531109,0.00210387817697
10.07,1.19067567217,0.00211782157687
10.08,1.19019774817,0.00213178590925
10.09,1.18971684313,0.00214587882684
10.1,1.1892359381,0.00215997174442
10.11,1.1887538673,0.00217413774582
10.12,1.1882715406,0.00218831979001
10.13,1.18778850631,0.00220254549172
10.14,1.18730473555,0.00221681663289
10.15,1.18682012003,0.00223111962381
10.16,1.18633071748,0.0022456030967
10.17,1.18584131493,0.00226008656958
10.18,1.18535240804,0.00227459239811
10.19,1.18486360996,0.00228910313397
10.2,1.18437312147,0.00230368496108
10.21,1.18388072678,0.00231834695492
10.22,1.18338814835,0.00233301965514
10.23,1.18289422242,0.00234777086885
10.24,1.18240029649,0.00236252208256
10.25,1.18190359315,0.00237738887632
10.26,1.18140601272,0.00239229216905
10.27,1.18090695554,0.00240725658724
10.28,1.18040568323,0.00242231269363
10.29,1.17990443146,0.0024373698296
10.3,1.17940367302,0.00245245167522
10.31,1.17890291458,0.00246753352085
10.32,1.178398285,0.00248275877029
10.33,1.17789166119,0.00249805789442
10.34,1.17738517654,0.0025133642879
10.35,1.17687903258,0.00252868847877
10.36,1.17637288863,0.00254401266964
10.37,1.17586139733,0.00255953384184
10.38,1.17534931188,0.00257507690085
10.39,1.17483745767,0.00259063265413
10.4,1.17432581691,0.00260620012519
10.41,1.17381371261,0.00262178615881
10.42,1.17329820892,0.00263750831791
10.43,1.17278270523,0.002653230477
10.44,1.17226439081,0.00266906455702
10.45,1.17174498332,0.00268494216184
10.46,1.17122500824,0.00270084846462
10.47,1.17070382704,0.00271681575056
10.48,1.17018264584,0.0027327830365
10.49,1.16965982585,0.00274883195696
10.5,1.16913684379,0.00276488895117
10.51,1.16861190322,0.0027810226142
10.52,1.16808492419,0.00279723607539
10.53,1.16755781533,0.00281345582866
10.54,1.16702898148,0.00282975917672
10.55,1.16650014763,0.00284606252478
10.56,1.16596871083,0.00286246661315
10.57,1.16543580987,0.00287892736794
10.58,1.1649025077,0.00289540704524
10.59,1.16436769618,0.0029119579072
10.6,1.16383288465,0.00292850876916
10.61,1.16329488576,0.00294518159238
10.62,1.16275593479,0.0029618908456
10.63,1.16221633433,0.00297862992355
10.64,1.16167541521,0.00299542955477
10.65,1.16113449609,0.00301222918598
10.66,1.16059181865,0.00302910844935
10.67,1.16004890143,0.00304599857165
10.68,1.15950420189,0.00306295574638
10.69,1.15895704102,0.00308000551732
10.7,1.15840988015,0.00309705528827
10.71,1.15786074311,0.00311419228272
10.72,1.15731152373,0.00313133291147
10.73,1.15676018666,0.0031485523273
10.74,1.15620664548,0.003165853746
10.75,1.15565306188,0.00318315699074
10.76,1.15509739969,0.00320054971185
10.77,1.1545417375,0.00321794243295
10.78,1.15398369796,0.00323542264286
10.79,1.15342363329,0.00325297738025
10.8,1.15286343747,0.00327053762796
10.81,1.15230118715,0.0032881842038
10.82,1.15173893682,0.00330583077963
10.83,1.15117542172,0.00332352985428
10.84,1.15061095249,0.0033412685333
10.85,1.1500461669,0.00335901867277
10.86,1.14947717818,0.00337692107269
10.87,1.14890818945,0.00339482347261
10.88,1.1483365947,0.00341281980099
10.89,1.147763034,0.00343088698769
10.9,1.14718947074,0.00344895565719
10.91,1.14661587346,0.00346704402676
10.92,1.14604227618,0.00348513239633
10.93,1.14546485845,0.00350335190386
10.94,1.1448843149,0.00352167870609
10.95,1.14430376778,0.00354000636226
10.96,1.14372313475,0.00355835451296
10.97,1.14314250172,0.00357670266367
10.98,1.1425594542,0.00359513620992
10.99,1.14197408687,0.00361365180289
11,1.14138871955,0.00363216739586
11.01,1.14079865721,0.00365084832401
11.02,1.14020849906,0.00366953262634
11.03,1.13961825918,0.00368822689716
11.04,1.13902791941,0.00370693335169
11.05,1.13843757964,0.00372563980623
11.06,1.13784074931,0.00374456620153
11.07,1.1372431978,0.00376351703469
11.08,1.13664555994,0.00378247606312
11.09,1.13604776854,0.00380144966092
11.1,1.13544997714,0.00382042325872
11.11,1.13484821118,0.00383953469907
11.12,1.13424545157,0.00385868060006
11.13,1.13364148495,0.00387786822683
11.14,1.1330336961,0.00389718798525
11.15,1.13242590725,0.00391650774368
11.16,1.1318162779,0.0039358952496
11.17,1.13120578242,0.0039553146367
11.18,1.13059498462,0.00397474508436
11.19,1.12998174071,0.00399426502197
11.2,1.1293684968,0.00401378495959
11.21,1.12875250821,0.00403339902396
11.22,1.12813408568,0.00405309655921
11.23,1.12751566314,0.00407279409447
11.24,1.12689454662,0.00409258921418
11.25,1.12627328831,0.00411238946993
11.26,1.12565099328,0.00413222712219
11.27,1.12502685518,0.00415213125716
11.28,1.12440271709,0.00417203539214
11.29,1.12377452342,0.00419207791148
11.3,1.12314504905,0.00421216413116
11.31,1.12251470993,0.00423227982987
11.32,1.12187983096,0.0042525502935
11.33,1.12124495199,0.00427282075713
11.34,1.12060974485,0.00429310822174
11.35,1.11997427987,0.00431340904427
11.36,1.11933881489,0.0043337098668
11.37,1.11869817728,0.00435418691642
11.38,1.11805720951,0.00437467521459
11.39,1.11741445788,0.0043952243085
11.4,1.11676791559,0.00441590259339
11.41,1.11612137329,0.00443658087828
11.42,1.11547261352,0.00445733845915
11.43,1.1148229034,0.004478130024
11.44,1.11417296804,0.0044989296528
11.45,1.11352004014,0.00451983641688
11.46,1.11286711225,0.00454074318097
11.47,1.11221171006,0.00456173460744
11.48,1.11155302798,0.00458283826079
11.49,1.1108943459,0.00460394191414
11.5,1.11023303829,0.00462514005065
11.51,1.10957103275,0.00464636330293
11.52,1.10890855454,0.00466760362865
11.53,1.10824317276,0.004688948834
11.54,1.10757779098,0.00471029403935
11.55,1.10690955594,0.00473173773112
11.56,1.10623822985,0.00475328811653
11.57,1.10556690377,0.00477483850194
11.58,1.10489063702,0.00479656011896
11.59,1.10421328575,0.0048183193234
11.6,1.10353577332,0.00484008631981
11.61,1.10285741479,0.00486189422402
11.62,1.10217905626,0.00488370212823
11.63,1.10149774782,0.0049056132926
11.64,1.10081324366,0.00492763632213
11.65,1.1001287395,0.00494965935166
11.66,1.09943925067,0.00497185790484
11.67,1.09874851566,0.00499410033892
11.68,1.09805764213,0.00501634967495
11.69,1.09736575272,0.00503864962533
11.7,1.0966738633,0.0050609495757
11.71,1.0959793031,0.00508334488031
11.72,1.09528105468,0.00510587186458
11.73,1.09458280625,0.00512839884885
11.74,1.09387991466,0.00515109292458
11.75,1.09317521738,0.00517385198033
11.76,1.09247044179,0.00519661408701
11.77,1.0917618285,0.00521952568926
11.78,1.0910532152,0.00524243729151
11.79,1.09034336806,0.00526539757266
11.8,1.08963077465,0.00528846620359
11.81,1.08891818123,0.00531153483452
11.82,1.08820164655,0.00533474931025
11.83,1.08748237302,0.00535806513576
11.84,1.08676309949,0.00538138096126
11.85,1.08604024385,0.00540484219807
11.86,1.08531685294,0.00542832516299
11.87,1.08459287609,0.00545183228033
11.88,1.08386529979,0.00547548776245
11.89,1.0831377235,0.00549914324457
11.9,1.08240737695,0.00552290480839
11.91,1.08167287502,0.00554682549477
11.92,1.08093837309,0.00557074618114
11.93,1.08020101242,0.00559478871552
11.94,1.07946217907,0.00561889402009
11.95,1.07872334572,0.00564299932465
11.96,1.07797804558,0.00566735887679
11.97,1.07723210587,0.0056917435743
11.98,1.07648544875,0.00571615999059
11.99,1.07573502525,0.0057407429305
12,1.07498460175,0.00576532587041
12.01,1.07423235459,0.00578999099685
12.02,1.07347737195,0.00581477940311
12.03,1.0727223893,0.00583956780937
12.04,1.07196448598,0.00586449047443
12.05,1.07120486735,0.00588949198988
12.06,1.07044524871,0.00591449350533
12.07,1.0696792859,0.00593976015346
12.08,1.06891220352,0.0059650735897
12.09,1.06814459067,0.00599040957415
12.1,1.06736993013,0.00601604512759
12.11,1.06659526959,0.00604168068103
12.12,1.06581999808,0.00606735898214
12.13,1.06504323073,0.00609314194133
12.14,1.06426646338,0.00611892490052
12.15,1.06348589427,0.0061448753538
12.16,1.06270136823,0.00617100013765
12.17,1.06191684219,0.0061971249215
12.18,1.06112687904,0.00622349380773
12.19,1.06033447314,0.00624997236314
12.2,1.05954206723,0.00627645091855
12.21,1.05874759026,0.0063030861149
12.22,1.05795285731,0.00632974067135
12.23,1.05715735929,0.00635642835332
12.24,1.05635169678,0.00638355613131
12.25,1.05554603426,0.0064106839093
12.26,1.05473972738,0.00643786314015
12.27,1.05393158651,0.00646518881375
12.28,1.05312344565,0.00649251448735
12.29,1.05231173454,0.00652001401147
12.3,1.05149529079,0.00654774398861
12.31,1.05067884703,0.00657547396575
12.32,1.049859084,0.00660339635566
12.33,1.04903710812,0.00663144702076
12.34,1.04821513224,0.00665949768585
12.35,1.04738887827,0.00668780270601
12.36,1.04656127333,0.00671618804884
12.37,1.04573366838,0.00674457339166
12.38,1.04489819012,0.00677336844276
12.39,1.04406193318,0.00680220401446
12.4,1.04322532589,0.00683106153577
12.41,1.04238322976,0.0068602629342
12.42,1.04154113363,0.00688946433264
12.43,1.04069725595,0.00691876285494
12.44,1.03984625203,0.00694844987271
12.45,1.03899524811,0.00697813689048
12.46,1.03814218416,0.00700796004688
12.47,1.03728512129,0.00703804747237
12.48,1.03642805843,0.00706813489786
12.49,1.03556809704,0.00709841903686
12.5,1.0347048671,0.00712892500174
12.51,1.03384163716,0.00715943096661
12.52,1.03297470351,0.0071901951105
12.53,1.03210519609,0.00722113866693
12.54,1.03123568868,0.00725208222336
12.55,1.03035958654,0.00728342216072
12.56,1.0294806581,0.00731493197562
12.57,1.02860172965,0.00734644179052
12.58,1.02771752214,0.00737834031904
12.59,1.02683207631,0.0074103300273
12.6,1.02594663049,0.00744231973556
12.61,1.02505234724,0.00747486823698
12.62,1.02415718995,0.00750747200366
12.63,1.02326196498,0.00754008103688
12.64,1.02236003924,0.00757321145713
12.65,1.0214581135,0.00760634187738
12.66,1.02055549857,0.00763952740561
12.67,1.01964668096,0.00767320890564
12.68,1.01873786335,0.00770689040566
12.69,1.01782721795,0.00774069682859
12.7,1.01690824597,0.00777507234477
12.71,1.01598927398,0.00780944786096
12.72,1.0150692593,0.00784394979477
12.73,1.01414627694,0.0078788115326
12.74,1.01322329459,0.00791367327043
12.75,1.01229595117,0.00794881467506
12.76,1.01135934049,0.00798455037161
12.77,1.01042272981,0.00802028606817
12.78,1.0094844649,0.00805623292796
12.79,1.00854361261,0.00809251006871
12.8,1.00760276032,0.00812878720945
12.81,1.00665716475,0.00816542483642
12.82,1.00570553228,0.00820252126404
12.83,1.0047538998,0.00823961769166
12.84,1.00379848389,0.00827707104263
12.85,1.00283913013,0.00831489588525
12.86,1.00187977636,0.00835272072788
12.87,1.00091625377,0.00839094967129
12.88,0.999949034295,0.00842953696824
12.89,0.998981814821,0.00846812426519
12.9,0.998008269052,0.00850723274589
12.91,0.997029752623,0.0085467507281
12.92,0.996051236195,0.0085862687103
12.93,0.995067893172,0.00862628093408
12.94,0.994081196076,0.00866663661386
12.95,0.99309449898,0.00870699229364
12.96,0.992100680465,0.00874796721591
12.97,0.991102308914,0.00878933804732
12.98,0.990103937362,0.00883070887873
12.99,0.989102318387,0.00887257066774
13,0.988098792196,0.00891472079694
13.01,0.987095266004,0.00895687092613
13.02,0.986084161245,0.00899971663395
13.03,0.985068605582,0.00904297085619
13.04,0.984053049919,0.00908622507844
13.05,0.983029774339,0.00913020723582
13.06,0.982001964838,0.00917461691065
13.07,0.980974155337,0.00921902658549
13.08,0.979942821396,0.00926400777947
13.09,0.978909417545,0.00930932462754
13.1,0.977876013694,0.00935464147562
13.11,0.976834902484,0.00940072528763
13.12,0.975788863618,0.00944729945364
13.13,0.974742824753,0.00949387361965
13.14,0.973691251671,0.0095411309949
13.15,0.972635832777,0.00958886314269
13.16,0.971580413883,0.00963659529047
13.17,0.970517671733,0.00968509631799
13.18,0.969449175596,0.0097342014653
13.19,0.968380679459,0.00978330661261
13.2,0.967307005387,0.00983308536618
13.21,0.966228739561,0.0098834614687
13.22,0.965150473734,0.00993383757121
13.23,0.964067326848,0.00998486509273
13.24,0.962979099676,0.0100365706218
13.25,0.961890872504,0.0100882761508
13.26,0.960798175993,0.0101405934821
13.27,0.959699791233,0.0101936894706
13.28,0.958601406474,0.0102467854591
13.29,0.957497708592,0.0103005017697
13.3,0.956385341931,0.0103552301848
13.31,0.95527297527,0.0104099585999
13.32,0.954157220762,0.0104651750162
13.33,0.953034267082,0.0105214284348
13.34,0.951911313402,0.0105776818534
13.35,0.950785660109,0.0106343339123
13.36,0.949651907979,0.0106921818922
13.37,0.948518155848,0.0107500298722
13.38,0.947381899298,0.0108081941142
13.39,0.946233415289,0.0108679024593
13.4,0.94508493128,0.0109276108045
13.41,0.943935433737,0.0109874764573
13.42,0.94277568824,0.0110489326654
13.43,0.941615942743,0.0111103888734
13.44,0.940456197246,0.0111718450815
13.45,0.939284962054,0.0112351283606
13.46,0.938113726862,0.0112984116397
13.47,0.93694249167,0.0113616949188
13.48,0.935760705157,0.0114266969267
13.49,0.934577746275,0.0114918899045
13.5,0.933394787392,0.0115570828824
13.51,0.932199341868,0.0116240232873
13.52,0.93100057711,0.0116914281982
13.53,0.929801812352,0.011758833109
13.54,0.928594726637,0.0118276604417
13.55,0.927383725177,0.0118971571493
13.56,0.926172723718,0.0119666538569
13.57,0.924952531862,0.0120375033026
13.58,0.923725118978,0.0121094156138
13.59,0.922497706095,0.012181327925
13.6,0.921266408673,0.0122541440923
13.61,0.920030167292,0.0123281106217
13.62,0.91879392591,0.0124020771512
13.63,0.917552585911,0.0124768325292
13.64,0.916299349136,0.0125534285538
13.65,0.915046112361,0.0126300245783
13.66,0.913790744296,0.0127070206471
13.67,0.91252418696,0.012786116948
13.68,0.911257629623,0.0128652132489
13.69,0.909990895618,0.012944338264
13.7,0.908706671378,0.0130263059817
13.71,0.907422447138,0.0131082736994
13.72,0.906138222898,0.0131902414171
13.73,0.904845545664,0.0132743326923
13.74,0.903551492362,0.013358769663
13.75,0.90225743906,0.0134432066336
13.76,0.900950746119,0.0135298003502
13.77,0.8996383745,0.0136173630397
13.78,0.898326002881,0.0137049257292
13.79,0.897006075272,0.0137940411013
13.8,0.895679172901,0.0138845897189
13.81,0.894352270531,0.0139751383365
13.82,0.893018885556,0.0140668475502
13.83,0.8916729167,0.0141608096858
13.84,0.890326947845,0.0142547718214
13.85,0.888978545851,0.0143492567084
13.86,0.887617369879,0.0144464860401
13.87,0.886256193908,0.0145437153718
13.88,0.884895017937,0.0146409447035
13.89,0.88351876504,0.0147414843885
13.9,0.882142045847,0.0148421264555
13.91,0.880765326653,0.0149427685225
13.92,0.879376372605,0.0150461554968
13.93,0.877983763989,0.0151503623784
13.94,0.876591155373,0.0152545692601
13.95,0.875186991084,0.0153610497484
13.96,0.873773747338,0.0154693166418
13.97,0.872360503591,0.0155775835353
13.98,0.870942981091,0.0156870942472
13.99,0.869517512333,0.0157989149076
14,0.868092043575,0.015910735568
14.01,0.86666399972,0.0160230869464
14.02,0.865217071818,0.0161393302561
14.03,0.863770143915,0.0162555735659
14.04,0.862323216013,0.0163718168756
14.05,0.860856745267,0.0164921816832
14.06,0.859387859113,0.0166130558894
14.07,0.857918972959,0.0167339300956
14.08,0.856441311305,0.016857494313
14.09,0.854959128939,0.0169824442937
14.1,0.853476946572,0.0171073942744
14.11,0.851985389539,0.0172344138092
14.12,0.85048034213,0.0173644114828
14.13,0.848975294722,0.0174944091564
14.14,0.84746725147,0.0176251863984
14.15,0.845943480035,0.0177600563744
14.16,0.844419708601,0.0178949263504
14.17,0.842895937166,0.0180297963264
14.18,0.84135065088,0.018169636209
14.19,0.839802974053,0.0183100283034
14.2,0.838255297227,0.0184504203978
14.21,0.836698082198,0.0185939451627
14.22,0.835135501928,0.0187392320548
14.23,0.833572921659,0.0188845189469
14.24,0.832001362255,0.0190319755437
14.25,0.830413839946,0.0191832893935
14.26,0.828826317636,0.0193346032433
14.27,0.827237142339,0.0194863841777
14.28,0.825628957683,0.0196435365858
14.29,0.824020773028,0.0198006889939
14.3,0.822412588373,0.0199578414019
14.31,0.820787671966,0.0201198188429
14.32,0.819158307879,0.0202830788877
14.33,0.817528943792,0.0204463389324
14.34,0.815886487365,0.0206129823723
14.35,0.814230404218,0.0207831473052
14.36,0.812574321072,0.0209533122381
14.37,0.810913996238,0.0211247516296
14.38,0.809235588423,0.0213016242396
14.39,0.807557180607,0.0214784968497
14.4,0.805878772792,0.0216553694597
14.41,0.804180209166,0.0218384222148
14.42,0.802478897021,0.0220223177169
14.43,0.800777584876,0.0222062132191
14.44,0.799063108907,0.022394227799
14.45,0.797338289935,0.0225854787971
14.46,0.795613470962,0.0227767297952
14.47,0.793883101281,0.0229697533578
14.48,0.792134148796,0.0231687111578
14.49,0.790385196311,0.0233676689578
14.5,0.788636243826,0.0235666267578
14.51,0.786860505513,0.0237733258892
14.52,0.785081456591,0.0239809818143
14.53,0.783302407669,0.0241886377395
14.54,0.781509319696,0.0244009658574
14.55,0.779704745226,0.0246171166784
14.56,0.777900170757,0.0248332674995
14.57,0.77609034914,0.0250512008628
14.58,0.774259538933,0.0252762643956
14.59,0.772428728727,0.0255013279283
14.6,0.77059791852,0.025726391461
14.61,0.768739803404,0.0259599001371
14.62,0.766876487352,0.026195017412
14.63,0.7650131713,0.0264301346869
14.64,0.763139189011,0.0266696341015
14.65,0.761253651633,0.0269138808343
14.66,0.759368114255,0.027158127567
14.67,0.757479154669,0.0274034824527
14.68,0.755559395216,0.0276588107144
14.69,0.753639635763,0.0279141389761
14.7,0.75171987631,0.0281694672378
14.71,0.749778894945,0.028432637904
14.72,0.747829660615,0.0286988583942
14.73,0.745880426284,0.0289650788844
14.74,0.743921172337,0.0292350823813
14.75,0.741941575529,0.0295127665282
14.76,0.739961978722,0.0297904506751
14.77,0.737982381915,0.030068134822
14.78,0.735968182726,0.0303578407712
14.79,0.733951379057,0.0306484515872
14.8,0.731934575388,0.0309390624032
14.81,0.72990062884,0.0312364377184
14.82,0.727851480116,0.0315398117404
14.83,0.725802331392,0.0318431857625
14.84,0.723749178113,0.0321481757569
14.85,0.721666658092,0.032465016215
14.86,0.719584138071,0.0327818566731
14.87,0.71750161805,0.0330986971313
14.88,0.715394983423,0.0334254930405
14.89,0.713278013963,0.0337565555717
14.9,0.711161044504,0.0340876181028
14.91,0.709034467602,0.0344227402433
14.92,0.706881915021,0.0347688383646
14.93,0.70472936244,0.0351149364859
14.94,0.702576809859,0.0354610346072
14.95,0.700388450579,0.0358212141333
14.96,0.698192757398,0.0361842778025
14.97,0.695997064216,0.0365473414718
14.98,0.693789020205,0.0369165708697
14.99,0.691561658232,0.0372954440996
15,0.689334296259,0.0376743173295
15.01,0.687106934285,0.0380531905594
15.02,0.684836876548,0.0384497677558
15.03,0.682563605151,0.0388476775087
15.04,0.680290333753,0.0392455872617
15.05,0.677994717044,0.039653020441
15.06,0.675673902429,0.0400711928032
15.07,0.673353087814,0.0404893651654
15.08,0.671031916729,0.0409077282342
15.09,0.668675455131,0.0413449712586
15.1,0.666318993532,0.0417822142829
15.11,0.663962531934,0.0422194573073
15.12,0.66158280359,0.0426681511179
15.13,0.65918244247,0.0431269993995
15.14,0.656782081351,0.0435858476811
15.15,0.654379617744,0.0440456735928
15.16,0.651926694454,0.0445289626269
15.17,0.649473771163,0.0450122516611
15.18,0.647020847873,0.0454955406952
15.19,0.644541843903,0.0459924270619
15.2,0.642041501197,0.0465004385189
15.21,0.63954115849,0.047008449976
15.22,0.637038351929,0.0475177855877
15.23,0.634488732125,0.04805228014
15.24,0.63193911232,0.0485867746923
15.25,0.629389492516,0.0491212692446
15.26,0.62680819951,0.0496719799158
15.27,0.624199925628,0.050236504318
15.28,0.621591651746,0.0508010287202
15.29,0.61898200034,0.0513664223166
15.3,0.616327808997,0.0519599198595
15.31,0.613673617655,0.0525534174024
15.32,0.611019426312,0.0531469149453
15.33,0.608333630428,0.0537577825348
15.34,0.605616230001,0.0543860201711
15.35,0.602898829575,0.0550142578074
15.36,0.600181429149,0.0556424954437
15.37,0.597407760738,0.0563053837388
15.38,0.594632352081,0.0569693437039
15.39,0.591856943424,0.0576333036689
15.4,0.589055527966,0.0583139070416
15.41,0.586219638378,0.0590165726059
15.42,0.58338374879,0.0597192381702
15.43,0.580547859202,0.0604219037346
15.44,0.57765645051,0.0611615757973
15.45,0.574757471031,0.0619062942007
15.46,0.571858491552,0.0626510126042
15.47,0.568935779751,0.0634111046854
15.48,0.565962636764,0.0642038658319
15.49,0.562989493778,0.0649966269785
15.5,0.560016350791,0.065789388125
15.51,0.556997314949,0.0666185242499
15.52,0.553963786627,0.06745914721
15.53,0.550930258304,0.0682997701702
15.54,0.547882260169,0.0691507282515
15.55,0.544768343998,0.0700487685518
15.56,0.541654427827,0.070946808852
15.57,0.538540511656,0.0718448491522
15.58,0.535381594392,0.072779238281
15.59,0.532192676398,0.0737378599621
15.6,0.529003758405,0.0746964816433
15.61,0.525814058575,0.0756557722173
15.62,0.522546957022,0.0766812831844
15.63,0.519279855468,0.0777067941515
15.64,0.516012753914,0.0787323051186
15.65,0.512708471517,0.0797894596316
15.66,0.509350684981,0.0808921499789
15.67,0.505992898445,0.0819948403262
15.68,0.502635111909,0.0830975306735
15.69,0.499216396535,0.0842645326759
15.7,0.495783389212,0.0854466201282
15.71,0.492350381889,0.0866287075805
15.72,0.488898905689,0.0878289554375
15.73,0.485368693755,0.0891066239667
15.74,0.48183848182,0.090384292496
15.75,0.478308269886,0.0916619610253
15.76,0.474726586214,0.0929985957029
15.77,0.471106072985,0.0943797136151
15.78,0.467485559756,0.0957608315273
15.79,0.463865046527,0.0971419494396
15.8,0.460157777004,0.0986324353958
15.81,0.456444969845,0.100129902291
15.82,0.452732162686,0.101627369186
15.83,0.448991363609,0.103164218069
15.84,0.445185250058,0.104792958255
15.85,0.441379136506,0.106421698441
15.86,0.437573022954,0.108050438628
15.87,0.433706575771,0.109775696049
15.88,0.429807641248,0.111552924288
15.89,0.425908706725,0.113330152528
15.9,0.422009772202,0.115107380768
15.91,0.418021620026,0.117051141137
15.92,0.41403256666,0.118996583649
15.93,0.410043513295,0.120942026162
15.94,0.406023955933,0.122950307172
15.95,0.401939577577,0.125092119993
15.96,0.397855199221,0.127233932813
15.97,0.393770820865,0.129375745633
15.98,0.389638315385,0.131657899101
15.99,0.385479895301,0.134015620609
16,0.381321475217,0.136373342118
16.01,0.377163055133,0.138731063627
16.02,0.372948751061,0.141324112306
16.03,0.368732718619,0.143924439145
16.04,0.364516686176,0.146524765985
16.05,0.360291306237,0.149200633584
16.06,0.356041889876,0.152070748854
16.07,0.351792473515,0.154940864123
16.08,0.347543057154,0.157810979393
16.09,0.343293792499,0.160852224671
16.1,0.3390446377,0.164017391678
16.11,0.334795482901,0.167182558686
16.12,0.330546328103,0.170347725694
16.13,0.326335615348,0.173786720979
16.14,0.322130646806,0.177266633132
16.15,0.317925678264,0.180746545286
16.16,0.313733691729,0.184276618008
16.17,0.309615269903,0.188090933955
16.18,0.305496848077,0.191905249903
16.19,0.301378426251,0.19571956585
16.2,0.297327750521,0.199671212026
16.21,0.293366877754,0.203804900599
16.22,0.289406004988,0.207938589171
16.23,0.285445132222,0.212072277743
16.24,0.281643255001,0.216404479
16.25,0.277909518728,0.22082175712
16.26,0.274175782455,0.225239035241
16.27,0.270442046182,0.229656313362
16.28,0.266954211181,0.234325497139
16.29,0.263479318353,0.239007939108
16.3,0.260004425525,0.243690381078
16.31,0.256590626609,0.248412363463
16.32,0.253421203339,0.253292507513
16.33,0.250251780069,0.258172651563
16.34,0.247082356798,0.263052795613
16.35,0.244051841906,0.26799862624
16.36,0.241198119496,0.273028057964
16.37,0.238344397086,0.278057489689
16.38,0.235490674675,0.283086921413
16.39,0.23286154982,0.288158962269
16.4,0.230338117932,0.29325105448
16.41,0.227814686045,0.298343146691
16.42,0.225291254157,0.303435238903
16.43,0.22304471497,0.308548736796
16.44,0.22082894164,0.313664613099
16.45,0.218613168309,0.318780489401
16.46,0.216427995669,0.323895889864
16.47,0.214490410431,0.329007440359
16.48,0.212552825194,0.334118990854
16.49,0.210615239956,0.339230541349
16.5,0.208759297054,0.344326563869
16.51,0.207076844114,0.349389589441
16.52,0.205394391173,0.354452615013
16.53,0.203711938232,0.359515640585
16.54,0.202148654895,0.364535748193
16.55,0.200695374267,0.369516239219
16.56,0.199242093639,0.374496730245
16.57,0.197788813011,0.379477221271
16.58,0.196470755991,0.384409047565
16.59,0.195210651945,0.389320017545
16.6,0.193950547899,0.394230987525
16.61,0.192690443853,0.399141957505
16.62,0.191578490479,0.403984956632
16.63,0.19048673947,0.408818687005
16.64,0.189394988461,0.413652417379
16.65,0.188312314347,0.418479814528
16.66,0.187371844922,0.423207991156
16.67,0.186431375497,0.427936167784
16.68,0.185490906072,0.432664344413
16.69,0.184578744913,0.437372034072
16.7,0.183766949426,0.442007088113
16.71,0.182955153939,0.446642142154
16.72,0.182143358452,0.451277196195
16.73,0.181372895258,0.455878430949
16.74,0.18067280867,0.460422081513
16.75,0.179972722083,0.464965732076
16.76,0.179272635496,0.469509382639
16.77,0.178621334359,0.474013797872
16.78,0.178016905519,0.478480516416
16.79,0.177412476678,0.48294723496
16.8,0.176808047837,0.487413953504
16.81,0.176258929712,0.49182537639
16.82,0.175739594279,0.496207024691
16.83,0.175220258847,0.500588672992
16.84,0.174700923414,0.504970321293
16.85,0.174240618945,0.509280153923
16.86,0.173796964236,0.513569730851
16.87,0.173353309526,0.51785930778
16.88,0.172909654816,0.522148884708
16.89,0.172523297721,0.526379954386
16.9,0.172144022354,0.530603792831
16.91,0.171764746986,0.534827631276
16.92,0.171385471619,0.539051469721
16.93,0.171063999855,0.543202756107
16.94,0.170742528091,0.547354042493
16.95,0.170421056327,0.551505328879
16.96,0.170104701663,0.555649776934
16.97,0.169834400898,0.559732680003
16.98,0.169564100133,0.563815583071
16.99,0.169293799368,0.56789848614
17,0.169032134119,0.571969163624
17.01,0.168807283433,0.575987721509
17.02,0.168582432747,0.580006279394
17.03,0.168357582061,0.584024837279
17.04,0.168143538114,0.588029794401
17.05,0.16795871239,0.591997979092
17.06,0.167773886666,0.595966163782
17.07,0.167589060942,0.599934348472
17.08,0.167417064825,0.603879127892
17.09,0.167268895122,0.607780440379
17.1,0.167120725418,0.611681752867
17.11,0.166972555715,0.615583065354
17.12,0.166837678765,0.619462539384
17.13,0.166721930411,0.623310587341
17.14,0.166606182056,0.627158635297
17.15,0.166490433702,0.631006683254
17.16,0.166387979236,0.63483618329
17.17,0.166301130638,0.638643909682
17.18,0.166214282041,0.642451636074
17.19,0.166127433443,0.646259362466
17.2,0.166053985939,0.650043155211
17.21,0.165993413996,0.653803952885
17.22,0.165932842053,0.657564750558
17.23,0.16587227011,0.661325548232
17.24,0.165824782143,0.665057043899
17.25,0.165787999246,0.668764565196
17.26,0.165751216349,0.672472086494
17.27,0.165714433452,0.676179607792
17.28,0.165689798437,0.679869022886
17.29,0.165674327614,0.683544778914
17.3,0.165658856791,0.687220534942
17.31,0.165643385967,0.69089629097
17.32,0.165639338417,0.694549380819
17.33,0.165643229072,0.698186719594
17.34,0.165647119727,0.701824058369
17.35,0.165651010383,0.705461397144
17.36,0.165665420814,0.709077216593
17.37,0.165686844429,0.712678689825
17.38,0.165708268045,0.716280163057
17.39,0.16572969166,0.719881636289
17.4,0.165760649777,0.723463046884
17.41,0.16579796423,0.727031082386
17.42,0.165835278682,0.730599117889
17.43,0.165872593135,0.734167153392
17.44,0.165918410214,0.737716826375
17.45,0.1659701359,0.741253738963
17.46,0.166021861585,0.744790651551
17.47,0.16607358727,0.748327564139
17.48,0.166132765124,0.751847997637
17.49,0.166197564789,0.75535599954
17.5,0.166262364454,0.758864001443
17.51,0.166327164119,0.762372003346
17.52,0.166398369275,0.765865538017
17.53,0.166475030961,0.769346748749
17.54,0.166551692647,0.772827959481
17.55,0.166628354333,0.776309170214
17.56,0.166710504673,0.779782281202
17.57,0.166798143666,0.783247292445
17.58,0.16688578266,0.786712303689
17.59,0.166973421653,0.790177314932
17.6,0.167065449986,0.793627905521
17.61,0.167162631021,0.797061567515
17.62,0.167259812056,0.800495229508
17.63,0.167356993091,0.803928891502
17.64,0.167457816277,0.80735755631
17.65,0.167564102689,0.81077872534
17.66,0.167670389101,0.814199894371
17.67,0.167776675513,0.817621063401
17.68,0.16788559639,0.821032893103
17.69,0.167999631227,0.82442659352
17.7,0.168113666064,0.827820293937
17.71,0.168227700901,0.831213994353
17.72,0.168343697272,0.834605353985
17.73,0.16846527647,0.837990051383
17.74,0.168586855668,0.841374748781
17.75,0.168708434866,0.844759446179
17.76,0.16883113968,0.848139856878
17.77,0.168958972297,0.851500739286
17.78,0.169086804913,0.854861621693
17.79,0.16921463753,0.8582225041
17.8,0.169342969459,0.86158293245
17.81,0.169477043489,0.86493813914
17.82,0.169611117518,0.86829334583
17.83,0.169745191548,0.871648552519
17.84,0.169879265577,0.875003759209
17.85,0.170018581312,0.878346988703
17.86,0.17015800402,0.881689973763
17.87,0.170297426728,0.885032958824
17.88,0.170436849436,0.888375943885
17.89,0.170580163464,0.891702706195
17.9,0.170724058954,0.895027044415
17.91,0.170867954445,0.898351382635
17.92,0.171011849935,0.901675720856
17.93,0.171159220154,0.90499940158
17.94,0.171307811225,0.908322851291
17.95,0.171456402296,0.911646301003
17.96,0.171604993366,0.914969750714
17.97,0.17175597535,0.918288714086
17.98,0.17190848595,0.921604809141
17.99,0.17206099655,0.924920904196
18,0.17221350715,0.928236999251
18.01,0.172367681685,0.931550384368
18.02,0.172523732572,0.934860713598
18.03,0.172679783459,0.938171042828
18.04,0.172835834347,0.941481372059
18.05,0.172992911715,0.944790361513
18.06,0.173152170354,0.948096503943
18.07,0.173311428994,0.951402646374
18.08,0.173470687634,0.954708788804
18.09,0.173630413726,0.958014513009
18.1,0.173792593948,0.961318041529
18.11,0.17395477417,0.96462157005
18.12,0.174116954391,0.96792509857
18.13,0.174279134613,0.97122862709
18.14,0.174443969905,0.974531122241
18.15,0.174608832016,0.977833606953
18.16,0.174773694127,0.981136091666
18.17,0.174938556238,0.984438576379
18.18,0.17510543461,0.987741487585
18.19,0.175272785933,0.991044498834
18.2,0.175440137256,0.994347510082
18.21,0.175607488578,0.997650521331
18.22,0.175776293476,1.00095483447
18.23,0.175945989275,1.00425994553
18.24,0.176115685073,1.0075650566
18.25,0.176285380872,1.01087016767
18.26,0.176456193183,1.01418013246
18.27,0.176628547344,1.01749680001
18.28,0.176800901505,1.02081346756
18.29,0.176973255666,1.02413013511
18.3,0.17714600471,1.02744622764
18.31,0.177320153793,1.03076028146
18.32,0.177494302877,1.03407433528
18.33,0.17766845196,1.0373883891
18.34,0.177842601043,1.04070244292
18.35,0.178018962554,1.04402335603
18.36,0.178195324066,1.04734426914
18.37,0.178371685577,1.05066518225
18.38,0.178548047088,1.05398609536
18.39,0.178726160741,1.05731352619
18.4,0.178904797761,1.06064290386
18.41,0.179083434782,1.06397228153
18.42,0.179262071802,1.0673016592
18.43,0.179442204989,1.07064055417
18.44,0.179623664968,1.07398788902
18.45,0.179805124946,1.07733522387
18.46,0.179986584924,1.08068255872
18.47,0.180168668277,1.08403100524
18.48,0.180352277823,1.08738217345
18.49,0.180535887368,1.09073334166
18.5,0.180719496914,1.09408450987
18.51,0.180903191058,1.09743607857
18.52,0.181089620554,1.1008005965
18.53,0.18127605005,1.10416511443
18.54,0.181462479547,1.10752963236
18.55,0.181648909043,1.1108941503
18.56,0.181837716743,1.11427006949
18.57,0.182027275455,1.11764958909
18.58,0.182216834166,1.12102910868
18.59,0.182406392878,1.12440862828
18.6,0.18259785166,1.12779995565
18.61,0.182791368853,1.13120407479
18.62,0.182984886045,1.13460819392
18.63,0.183178403237,1.13801231305
18.64,0.183372621732,1.14141851262
18.65,0.18356964544,1.14483303389
18.66,0.183766669147,1.14824755517
18.67,0.183963692855,1.15166207645
18.68,0.184160716562,1.15507659772
18.69,0.184361774956,1.15850913511
18.7,0.184563281648,1.16194367429
18.71,0.184764788341,1.16537821347
18.72,0.184966295033,1.16881275265
18.73,0.185171085645,1.17226482887
18.74,0.185378158302,1.17572909187
18.75,0.185585230959,1.17919335486
18.76,0.185792303617,1.18265761785
18.77,0.186000858092,1.18612618606
18.78,0.186213222956,1.18960582485
18.79,0.186425587821,1.19308546365
18.8,0.186637952685,1.19656510244
18.81,0.18685031755,1.20004474123
18.82,0.187069376239,1.20355590069
18.83,0.187288787235,1.20706871913
18.84,0.187508198231,1.21058153758
18.85,0.187727609227,1.21409435602
18.86,0.187951292536,1.21761875554
18.87,0.188177594357,1.22115025315
18.88,0.188403896179,1.22468175075
18.89,0.188630198001,1.22821324836
18.9,0.188858751984,1.23175242849
18.91,0.189093395141,1.23531237992
18.92,0.189328038299,1.23887233134
18.93,0.189562681457,1.24243228276
18.94,0.189797324615,1.24599223418
18.95,0.190041010597,1.24958709062
18.96,0.190285590925,1.2531853992
18.97,0.190530171253,1.25678370779
18.98,0.190774751581,1.26038201637
18.99,0.191024802657,1.26399327305
19,0.191279329799,1.26761512364
19.01,0.191533856941,1.27123697423
19.02,0.191788384083,1.27485882482
19.03,0.192044905247,1.27848635475
19.04,0.19231116193,1.28214161325
19.05,0.192577418613,1.28579687175
19.06,0.192843675297,1.28945213024
19.07,0.19310993198,1.29310738874
19.08,0.193386861809,1.29679651407
19.09,0.193666802013,1.30049519159
19.1,0.193946742217,1.3041938691
19.11,0.194226682421,1.30789254662
19.12,0.194512013827,1.31160221409
19.13,0.194805777628,1.31532907099
19.14,0.195099541429,1.31905592789
19.15,0.195393305229,1.32278278479
19.16,0.19568706903,1.32650964169
19.17,0.195996480053,1.33027385576
19.18,0.196306210407,1.33403883222
19.19,0.196615940761,1.33780380868
19.2,0.196925671115,1.34156878514
19.21,0.197245653209,1.345360763
19.22,0.197573690241,1.34917395624
19.23,0.197901727274,1.35298714948
19.24,0.198229764306,1.35680034272
19.25,0.198560393603,1.36061807761
19.26,0.198906946812,1.36446371121
19.27,0.19925350002,1.36830934481
19.28,0.199600053228,1.3721549784
19.29,0.199946606437,1.376000612
19.3,0.200307884217,1.37987594668
19.31,0.200675472528,1.38376401038
19.32,0.201043060839,1.38765207409
19.33,0.201410649151,1.3915401378
19.34,0.2017839619,1.39543913887
19.35,0.202174447962,1.39937095201
19.36,0.202564934025,1.40330276516
19.37,0.202955420088,1.40723457831
19.38,0.203345906151,1.41116639146
19.39,0.203756751445,1.41514079895
19.4,0.204173008686,1.41912652898
19.41,0.204589265928,1.42311225902
19.42,0.205005523169,1.42709798906
19.43,0.205430335625,1.43109601508
19.44,0.205872517759,1.4351190057
19.45,0.206314699893,1.43914199632
19.46,0.206756882026,1.44316498693
19.47,0.20719906416,1.44718797755
19.48,0.207665845018,1.45125115223
19.49,0.208136966828,1.45532141822
19.5,0.208608088638,1.4593916842
19.51,0.209079210448,1.46346195019
19.52,0.209561522168,1.46754960076
19.53,0.210063727062,1.47166815728
19.54,0.210565931956,1.47578671379
19.55,0.21106813685,1.4799052703
19.56,0.211570341744,1.48402382682
19.57,0.212101165545,1.48818471184
19.58,0.212636648237,1.49235248756
19.59,0.21317213093,1.49652026327
19.6,0.213707613623,1.50068803899
19.61,0.214255526311,1.5048733353
19.62,0.214826523276,1.50909116988
19.63,0.21539752024,1.51330900446
19.64,0.215968517205,1.51752683903
19.65,0.21653951417,1.52174467361
19.66,0.217141870162,1.52600467894
19.67,0.217750649088,1.53027332165
19.68,0.218359428014,1.53454196436
19.69,0.21896820694,1.53881060706
19.7,0.219589006664,1.54309468984
19.71,0.220237854919,1.54741479945
19.72,0.220886703174,1.55173490906
19.73,0.221535551428,1.55605501867
19.74,0.222184399683,1.56037512828
19.75,0.222865444474,1.56473478572
19.76,0.223556656591,1.56910693194
19.77,0.224247868709,1.57347907817
19.78,0.224939080827,1.57785122439
19.79,0.225639669884,1.58223439991
19.8,0.226375534091,1.58665906656
19.81,0.227111398299,1.59108373322
19.82,0.227847262507,1.59550839987
19.83,0.228583126714,1.59993306653
19.84,0.22934948866,1.6043921335
19.85,0.230132272465,1.6088697237
19.86,0.23091505627,1.61334731391
19.87,0.231697840075,1.61782490412
19.88,0.232484410966,1.62230596491
19.89,0.233314533335,1.62682693747
19.9,0.234144655705,1.63134791002
19.91,0.234974778075,1.63586888257
19.92,0.235804900444,1.64038985512
19.93,0.236661062764,1.64494188947
19.94,0.237544327889,1.64952625344
19.95,0.238427593013,1.65411061742
19.96,0.239310858138,1.6586949814
19.97,0.240194123263,1.66327934537
19.98,0.24112548451,1.66791207292
19.99,0.242062189771,1.67255017419
20,0.242998895032,1.67718827546
20.01,0.243935600293,1.68182637674
20.02,0.244888300135,1.68647760761
20.03,0.245878320663,1.69115947423
20.04,0.246868341191,1.69584134084
20.05,0.24785836172,1.70052320745
20.06,0.248848382248,1.70520507406
20.07,0.249878881307,1.70993063
20.08,0.250928429086,1.71467674561
20.09,0.251977976866,1.71942286122
20.1,0.253027524645,1.72416897683
20.11,0.254080479351,1.72891772843
20.12,0.255186809231,1.73370777724
20.13,0.256293139112,1.73849782606
20.14,0.257399468992,1.74328787487
20.15,0.258505798872,1.74807792369
20.16,0.259637619896,1.75289082702
20.17,0.260804642974,1.75773529135
20.18,0.261971666052,1.76257975568
20.19,0.263138689131,1.76742422001
20.2,0.264305712209,1.77226868433
20.21,0.265522644371,1.7771634048
20.22,0.266754484442,1.78207313684
20.23,0.267986324512,1.78698286888
20.24,0.269218164583,1.79189260092
20.25,0.270457303954,1.79680769031
20.26,0.271749971532,1.80176206701
20.27,0.27304263911,1.80671644371
20.28,0.274335306688,1.81167082041
20.29,0.275627974265,1.81662519711
20.3,0.276949697323,1.82160469284
20.31,0.278306932634,1.82661488961
20.32,0.279664167945,1.83162508637
20.33,0.281021403256,1.83663528314
20.34,0.282378638566,1.8416454799
20.35,0.283786269814,1.84669935211
20.36,0.285208954393,1.85176627023
20.37,0.286631638972,1.85683318834
20.38,0.28805432355,1.86190010646
20.39,0.289482296614,1.86697166225
20.4,0.290971087258,1.87209655123
20.41,0.292459877901,1.87722144021
20.42,0.293948668544,1.88234632919
20.43,0.295437459187,1.88747121817
20.44,0.296951533943,1.89261878302
20.45,0.298506861725,1.89780334532
20.46,0.300062189506,1.90298790763
20.47,0.301617517288,1.90817246993
20.48,0.303172845069,1.91335703224
20.49,0.304772898529,1.91858310423
20.5,0.306394981056,1.92382962128
20.51,0.308017063582,1.92907613833
20.52,0.309639146108,1.93432265538
20.53,0.311261228634,1.93956917244
20.54,0.312946762556,1.94487740644
20.55,0.314635636026,1.9501888887
20.56,0.316324509496,1.95550037096
20.57,0.318013382966,1.96081185322
20.58,0.319716118738,1.96613599731
20.59,0.321468002673,1.97150503335
20.6,0.323219886609,1.97687406938
20.61,0.324971770545,1.98224310542
20.62,0.32672365448,1.98761214146
20.63,0.328508578402,1.99302123629
20.64,0.330330760182,1.99847550379
20.65,0.332152941961,2.0039297713
20.66,0.33397512374,2.0093840388
20.67,0.33579730552,2.01483830631
20.68,0.337664611454,2.02034200903
20.69,0.33954946567,2.02586493657
20.7,0.341434319887,2.0313878641
20.71,0.343319174104,2.03691079164
20.72,0.34520402832,2.04243371917
20.73,0.347156316406,2.04805146053
20.74,0.349112153643,2.05367419208
20.75,0.351067990879,2.05929692364
20.76,0.353023828116,2.06491965519
20.77,0.354991161088,2.07055787174
20.78,0.357010863519,2.07626663103
20.79,0.35903056595,2.08197539032
20.8,0.361050268382,2.08768414961
20.81,0.363069970813,2.09339290889
20.82,0.365117020478,2.09914441414
20.83,0.367206844023,2.10496277844
20.84,0.369296667567,2.11078114275
20.85,0.371386491111,2.11659950705
20.86,0.373476314656,2.12241787136
20.87,0.375609759469,2.12830920596
20.88,0.377773517367,2.13425124873
20.89,0.379937275265,2.14019329151
20.9,0.382101033163,2.14613533428
20.91,0.38426479106,2.15207737706
20.92,0.386491016437,2.1581287166
20.93,0.388734860846,2.16421088343
20.94,0.390978705255,2.17029305026
20.95,0.393222549665,2.17637521709
20.96,0.395466394074,2.18245738392
20.97,0.397796072506,2.18869211649
20.98,0.400129327356,2.19493320597
20.99,0.402462582206,2.20117429545
21,0.404795837056,2.20741538493
21.01,0.407141812134,2.21367813553
21.02,0.40957291489,2.22008584903
21.03,0.412004017646,2.22649356253
21.04,0.414435120403,2.23290127603
21.05,0.416866223159,2.23930898953
21.06,0.419332761521,2.24577710331
21.07,0.421890420012,2.25240053208
21.08,0.424448078504,2.25902396086
21.09,0.427005736995,2.26564738963
21.1,0.429563395487,2.27227081841
21.11,0.432181663322,2.27898536607
21.12,0.434880273775,2.28582069923
21.13,0.437578884228,2.29265603238
21.14,0.440277494681,2.29949136554
21.15,0.442976105135,2.3063266987
21.16,0.445777982187,2.31330944183
21.17,0.448660997282,2.32040800709
21.18,0.451544012377,2.32750657234
21.19,0.454427027472,2.3346051376
21.2,0.457310042567,2.34170370285
21.21,0.460340122465,2.34897850383
21.22,0.463436274956,2.35633248319
21.23,0.466532427447,2.36368646254
21.24,0.469628579938,2.3710404419
21.25,0.472724732429,2.37839442125
21.26,0.476035659399,2.38597828527
21.27,0.479400279988,2.39361962045
21.28,0.482764900577,2.40126095563
21.29,0.486129521167,2.40890229082
21.3,0.489494141756,2.416543626
21.31,0.493152993619,2.42445361441
21.32,0.496844537845,2.43239345317
21.33,0.500536082072,2.44033329193
21.34,0.504227626298,2.4482731307
21.35,0.507919170525,2.45621296946
21.36,0.51200074567,2.46445056945
21.37,0.516086260521,2.47269117712
21.38,0.520171775372,2.48093178479
21.39,0.524257290223,2.48917239246
21.4,0.528375596195,2.49743339891
21.41,0.532929555633,2.50596541758
21.42,0.537483515071,2.51449743625
21.43,0.542037474509,2.52302945493
21.44,0.546591433947,2.5315614736
21.45,0.551220723818,2.54012849438
21.46,0.556312757779,2.54891052813
21.47,0.561404791739,2.55769256188
21.48,0.566496825699,2.56647459562
21.49,0.571588859659,2.57525662937
21.5,0.576802744855,2.58408528881
21.51,0.582536101108,2.59311272099
21.52,0.588269457361,2.60214015316
21.53,0.594002813614,2.61116758533
21.54,0.599736169868,2.62019501751
21.55,0.605637494702,2.62925861601
21.56,0.612070720046,2.6384367412
21.57,0.618503945389,2.64761486639
21.58,0.624937170732,2.65679299159
21.59,0.631370396075,2.66597111678
21.6,0.638016439645,2.67517394477
21.61,0.645237880642,2.6844435618
21.62,0.652459321639,2.69371317883
21.63,0.659680762635,2.70298279587
21.64,0.666902203632,2.7122524129
21.65,0.674371796572,2.72152060853
21.66,0.682448933924,2.73078532421
21.67,0.690526071276,2.74005003988
21.68,0.698603208628,2.74931475555
21.69,0.70668034598,2.75857947122
21.7,0.715030289473,2.7678084584
21.71,0.724016780631,2.77695407909
21.72,0.733003271788,2.78609969978
21.73,0.741989762946,2.79524532047
21.74,0.750976254104,2.80439094117
21.75,0.760240271281,2.81345660617
21.76,0.770151849171,2.82233570792
21.77,0.780063427062,2.83121480967
21.78,0.789975004952,2.84009391142
21.79,0.799886582842,2.84897301317
21.8,0.810072053266,2.85774768827
21.81,0.820961818774,2.86625383769
21.82,0.831851584283,2.87475998712
21.83,0.842741349792,2.88326613654
21.84,0.853631115301,2.89177228597
21.85,0.864760951199,2.90013379646
21.86,0.876574064358,2.90808364229
21.87,0.888387177517,2.91603348813
21.88,0.900200290676,2.92398333397
21.89,0.912013403835,2.93193317981
21.9,0.924031432968,2.93973397295
21.91,0.936775982372,2.94700630651
21.92,0.949520531776,2.95427864008
21.93,0.96226508118,2.96155097365
21.94,0.975009630585,2.96882330722
21.95,0.987900656766,2.97594149107
21.96,1.00145896605,2.9823574373
21.97,1.01501727533,2.98877338352
21.98,1.0285755846,2.99518932975
21.99,1.04213389388,3.00160527597
22,1.05577803035,3.00790186927
22.01,1.07005156616,3.01332320774
22.02,1.08432510197,3.01874454622
22.03,1.09859863779,3.02416588469
22.04,1.1128721736,3.02958722316
22.05,1.127171656,3.03496451044
22.06,1.14209385658,3.03928456884
22.07,1.15701605716,3.04360462724
22.08,1.17193825773,3.04792468564
22.09,1.18686045831,3.05224474404
22.1,1.20178265889,3.05656480244
22.11,1.21715867058,3.05971304331
22.12,1.23255359108,3.06281245844
22.13,1.24794851157,3.06591187358
22.14,1.26334343206,3.06901128871
22.15,1.27873835256,3.07211070384
22.16,1.29437054278,3.07407185944
22.17,1.3100381871,3.07586293027
22.18,1.32570583142,3.07765400111
22.19,1.34137347574,3.07944507194
22.2,1.35704112006,3.08123614278
22.21,1.37279767993,3.08199557821
22.22,1.38858231839,3.08242923403
22.23,1.40436695685,3.08286288986
22.24,1.42015159531,3.08329654569
22.25,1.43593623376,3.08373020151
22.26,1.45166935138,3.0832806287
22.27,1.46737348853,3.08233423977
22.28,1.48307762568,3.08138785085
22.29,1.49878176283,3.08044146192
22.3,1.51448589998,3.07949507299
22.31,1.53004551118,3.07785124637
22.32,1.54546626411,3.07553733256
22.33,1.56088701704,3.07322341874
22.34,1.57630776998,3.07090950493
22.35,1.59172852291,3.06859559111
22.36,1.60696989126,3.06579387143
22.37,1.621905821,3.06216156339
22.38,1.63684175074,3.05852925535
22.39,1.65177768048,3.05489694731
22.4,1.66671361022,3.05126463927
22.41,1.68149441486,3.04736324669
22.42,1.69572523051,3.0425078271
22.43,1.70995604616,3.03765240752
22.44,1.72418686181,3.03279698793
22.45,1.73841767745,3.02794156835
22.46,1.75260587777,3.02303069247
22.47,1.76598438683,3.01706614714
22.48,1.77936289589,3.0111016018
22.49,1.79274140495,3.00513705646
22.5,1.80611991401,2.99917251112
22.51,1.81949842307,2.99320796578
22.52,1.83200276842,2.98641194036
22.53,1.84437649161,2.97949167078
22.54,1.8567502148,2.97257140121
22.55,1.86912393798,2.96565113163
22.56,1.88149766117,2.95873086205
22.57,1.89310534783,2.95128385664
22.58,1.90435254671,2.94358897554
22.59,1.9155997456,2.93589409443
22.6,1.92684694448,2.92819921333
22.61,1.93809414336,2.92050433222
22.62,1.94875996037,2.91253478399
22.63,1.95879594703,2.9042676797
22.64,1.96883193368,2.8960005754
22.65,1.97886792033,2.88773347111
22.66,1.98890390698,2.87946636681
22.67,1.99859683608,2.87110739467
22.68,2.00736223918,2.86250003909
22.69,2.01612764228,2.85389268351
22.7,2.02489304539,2.84528532793
22.71,2.03365844849,2.83667797235
22.72,2.0423744829,2.82806443974
22.73,2.04990566861,2.81930265856
22.74,2.05743685432,2.81054087737
22.75,2.06496804003,2.80177909618
22.76,2.07249922574,2.79301731499
22.77,2.08003041145,2.78425553381
22.78,2.08657819826,2.77556642254
22.79,2.09289531124,2.76689435731
22.8,2.09921242422,2.75822229208
22.81,2.1055295372,2.74955022684
22.82,2.11184665019,2.74087816161
22.83,2.11754394286,2.73235413282
22.84,2.12275423385,2.72394641836
22.85,2.12796452484,2.71553870391
22.86,2.13317481583,2.70713098945
22.87,2.13838510683,2.698723275
22.88,2.14330033484,2.69044757358
22.89,2.14752708259,2.68247990257
22.9,2.15175383034,2.67451223156
22.91,2.15598057808,2.66654456055
22.92,2.16020732583,2.65857688955
22.93,2.16441793441,2.65061980933
22.94,2.16783772367,2.64318167769
22.95,2.17125751293,2.63574354605
22.96,2.17467730219,2.62830541441
22.97,2.17809709145,2.62086728277
22.98,2.18151688071,2.61342915114
22.99,2.1844608879,2.60645654472
23,2.18723772841,2.59964750122
23.01,2.19001456892,2.59283845771
23.02,2.19279140943,2.58602941421
23.03,2.19556824994,2.57922037071
23.04,2.19814365945,2.57269076519
23.05,2.20046270222,2.566516808
23.06,2.20278174499,2.56034285081
23.07,2.20510078777,2.55416889362
23.08,2.20741983054,2.54799493643
23.09,2.2097007394,2.54189969906
23.1,2.21172644437,2.53633127888
23.11,2.21375214935,2.5307628587
23.12,2.21577785432,2.52519443852
23.13,2.2178035593,2.51962601833
23.14,2.21982926427,2.51405759815
23.15,2.22172400871,2.50892900803
23.16,2.223588034,2.50390358791
23.17,2.2254520593,2.49887816779
23.18,2.22731608459,2.49385274768
23.19,2.22918010988,2.48882732756
23.2,2.23101389329,2.48400426194
23.21,2.23281357413,2.47940938329
23.22,2.23461325498,2.47481450465
23.23,2.23641293582,2.470219626
23.24,2.23821261667,2.46562474736
23.25,2.24000994435,2.46106757006
23.26,2.24179001547,2.45678686928
23.27,2.2435700866,2.4525061685
23.28,2.24535015773,2.44822546773
23.29,2.24713022885,2.44394476695
23.3,2.24891029998,2.43966406618
23.31,2.25067111202,2.43553616725
23.32,2.25242584223,2.43145652154
23.33,2.25418057245,2.42737687583
23.34,2.25593530267,2.42329723012
23.35,2.25769003289,2.4192175844
23.36,2.25941464948,2.41518020246
23.37,2.26109216527,2.41120892539
23.38,2.26276968105,2.40723764832
23.39,2.26444719684,2.40326637124
23.4,2.26612471263,2.39929509417
23.41,2.2678005452,2.39532439903
23.42,2.26930973875,2.39141131502
23.43,2.2708189323,2.38749823101
23.44,2.27232812585,2.383585147
23.45,2.2738373194,2.37967206299
23.46,2.27534651295,2.37575897897
23.47,2.27668743362,2.37187004264
23.48,2.27792077001,2.36799654498
23.49,2.27915410639,2.36412304732
23.5,2.28038744278,2.36024954966
23.51,2.28162077916,2.356376052
23.52,2.28277562507,2.35251866223
23.53,2.28361650905,2.34872570401
23.54,2.28445739304,2.3449327458
23.55,2.28529827702,2.34113978758
23.56,2.28613916101,2.33734682936
23.57,2.28698004499,2.33355387115
23.58,2.28743306635,2.32989709575
23.59,2.28777669054,2.32627873088
23.6,2.28812031474,2.32266036602
23.61,2.28846393894,2.31904200116
23.62,2.28880756314,2.31542363629
23.63,2.28895087419,2.31191849651
23.64,2.28872217512,2.30862363187
23.65,2.28849347605,2.30532876723
23.66,2.28826477697,2.30203390259
23.67,2.2880360779,2.29873903795
23.68,2.28780737883,2.29544417331
23.69,2.28703714083,2.29259825822
23.7,2.28620673185,2.28980222642
23.71,2.28537632286,2.28700619461
23.72,2.28454591388,2.2842101628
23.73,2.28371550489,2.28141413099
23.74,2.28263298535,2.27892882044
23.75,2.28122959782,2.2768389733
23.76,2.2798262103,2.27474912617
23.77,2.27842282278,2.27265927903
23.78,2.27701943525,2.27056943189
23.79,2.27561604773,2.26847958475
23.8,2.27375092295,2.26728273854
23.81,2.27187151765,2.26611351092
23.82,2.26999211234,2.26494428329
23.83,2.26811270704,2.26377505567
23.84,2.26623330174,2.26260582804
23.85,2.26420552887,2.26198563691
23.86,2.26202333261,2.26193689192
23.87,2.25984113636,2.26188814694
23.88,2.2576589401,2.26183940196
23.89,2.25547674385,2.26179065697
23.9,2.25329454759,2.26174191199
23.91,2.25104499866,2.26295980087
23.92,2.24879476939,2.26419048403
23.93,2.24654454013,2.26542116719
23.94,2.24429431086,2.26665185035
23.95,2.2420440816,2.26788253351
23.96,2.23990339199,2.26977505446
23.97,2.23788137033,2.27238456635
23.98,2.23585934867,2.27499407824
23.99,2.23383732702,2.27760359013
24,2.23181530536,2.28021310202
24.01,2.22979328371,2.28282261391
24.02,2.2283140213,2.28676624954
24.03,2.22685737386,2.29076547365
24.04,2.22540072642,2.29476469776
24.05,2.22394407898,2.29876392187
24.06,2.22248743154,2.30276314598
24.07,2.2214117046,2.30731647805
24.08,2.22086201073,2.31263500684
24.09,2.22031231686,2.31795353563
24.1,2.21976262299,2.32327206442
24.11,2.21921292912,2.32859059321
24.12,2.21866323525,2.333909122
24.13,2.21918610736,2.34022769795
24.14,2.21986924796,2.34669570623
24.15,2.22055238855,2.35316371452
24.16,2.22123552914,2.35963172281
24.17,2.22191866973,2.36609973109
24.18,2.22306989548,2.3728452421
24.19,2.22526298818,2.38020842045
24.2,2.22745608088,2.3875715988
24.21,2.22964917358,2.39493477715
24.22,2.23184226628,2.40229795551
24.23,2.23403535898,2.40966113386
24.24,2.23749255608,2.41744048371
24.25,2.24139389798,2.42536605598
24.26,2.24529523988,2.43329162825
24.27,2.24919658178,2.44121720051
24.28,2.25309792368,2.44914277278
24.29,2.25727563052,2.45710346233
24.3,2.26301940535,2.46526314978
24.31,2.26876318019,2.47342283723
24.32,2.27450695503,2.48158252467
24.33,2.28025072987,2.48974221212
24.34,2.28599450471,2.49790189957
24.35,2.29276913225,2.50596284176
24.36,2.30035371549,2.51394619838
24.37,2.30793829873,2.521929555
24.38,2.31552288197,2.52991291163
24.39,2.32310746521,2.53789626825
24.4,2.33069204845,2.54587962487
24.41,2.33999603833,2.55340453426
24.42,2.34940977757,2.56090018105
24.43,2.35882351681,2.56839582785
24.44,2.36823725605,2.57589147464
24.45,2.37765099529,2.58338712144
24.46,2.38760158174,2.59061473687
24.47,2.39869296851,2.59727278565
24.48,2.40978435528,2.60393083443
24.49,2.42087574204,2.61058888322
24.5,2.43196712881,2.617246932
24.51,2.44305851558,2.62390498078
24.52,2.45518461727,2.6298113228
24.53,2.46779764363,2.63536392047
24.54,2.48041066999,2.64091651814
24.55,2.49302369635,2.64646911581
24.56,2.5056367227,2.65202171347
24.57,2.51828901529,2.65753415651
24.58,2.53221091595,2.66174826636
24.59,2.54613281661,2.66596237622
24.6,2.56005471728,2.67017648607
24.61,2.57397661794,2.67439059593
24.62,2.5878985186,2.67860470578
24.63,2.60220628616,2.68225409881
24.64,2.61717107031,2.68494194696
24.65,2.63213585446,2.6876297951
24.66,2.64710063861,2.69031764325
24.67,2.66206542276,2.6930054914
24.68,2.67703020691,2.69569333955
24.69,2.69255570204,2.69724094857
24.7,2.70833311078,2.69827627623
24.71,2.72411051953,2.6993116039
24.72,2.73988792828,2.70034693156
24.73,2.75566533702,2.70138225923
24.74,2.77144274577,2.70241758689
24.75,2.78777138567,2.70171322794
24.76,2.80410002557,2.70100886899
24.77,2.82042866546,2.70030451004
24.78,2.83675730536,2.69960015109
24.79,2.85308594526,2.69889579214
24.8,2.86949301748,2.69765763985
24.81,2.88608309846,2.69517396973
24.82,2.90267317943,2.69269029961
24.83,2.9192632604,2.6902066295
24.84,2.93585334138,2.68772295938
24.85,2.95244342235,2.68523928927
24.86,2.96905448303,2.68172031176
24.87,2.98568073591,2.67745162889
24.88,3.00230698878,2.67318294602
24.89,3.01893324166,2.66891426315
24.9,3.03555949454,2.66464558028
24.91,3.05218574742,2.66037689741
24.92,3.0686363397,2.65461747205
24.93,3.08505593306,2.64859497449
24.94,3.10147552642,2.64257247693
24.95,3.11789511977,2.63654997937
24.96,3.13431471313,2.63052748181
24.97,3.15068343723,2.6243204782
24.98,3.16664058273,2.61662065295
24.99,3.18259772824,2.6089208277
25,3.19855487375,2.60122100245
